x,y,x_0_1,y_0_1,spectral_cluster
0.4213624518236653,0.16118549113639447,0.677954715738263,0.5624563087039299,0
-0.3856470549235934,0.4490116639145152,0.31345773636284263,0.6920482030161181,0
0.4256541534708167,-0.10017045991022228,0.679893122006948,0.44478246251064457,0
-0.5745656987230439,0.7410093338722629,0.22813002406593347,0.8235182872663789,1
-0.25555201983456666,0.5723397050081007,0.37221695409847766,0.7475758651215707,0
0.21452274026111665,-0.5006477679972833,0.5845327058993581,0.26447011466847803,0
0.8933400838199437,0.2666341069400999,0.8911299258901373,0.6099338738700923,1
0.9313345471226904,0.17978968697978806,0.9082906495136556,0.5708327289517122,1
0.8559013406345327,-0.520082686656275,0.874220200925809,0.2557196667835195,1
-0.6352884658799827,-0.7128099443976057,0.20070374838644145,0.16894545102953462,1
-0.22290805296691926,0.3964781822924274,0.38696105217738075,0.6683953387456094,0
-0.595791365789393,0.9411999454438064,0.21854315864956902,0.9136528303715701,1
-0.9351768543408051,0.5689302452853874,0.06525501967900382,0.7460407776770105,1
-0.012311361681470678,0.5088496628354889,0.4820799537494342,0.7189898795049948,0
-0.2484218875107268,0.9765437947518502,0.37543737674884003,0.9295661725805316,1
0.5496811850811331,-0.8906908889052173,0.7359116422410823,0.08885569290127415,1
-0.21002350311315005,-0.9920182933631536,0.3927805369084097,0.043233676797951204,1
0.3066723353053105,0.915436931438356,0.6261533420423673,0.902053198010369,1
0.9773272413684028,-0.2762625625919091,0.9290638845074655,0.36549811897900997,1
-0.2366438694174829,-1.0214491534540908,0.3807570811415678,0.02998262018413289,1
-0.616932003408831,-0.7372154225041229,0.2089946979561948,0.15795704052853304,1
-0.3833354975015749,0.293402832497154,0.3145017831689014,0.621986321428209,0
-0.9547673102060764,-0.30451881621305177,0.05640671996533614,0.3527759214193311,1
-0.02772258198108941,1.1329787252531596,0.4751192634468608,0.9999999999999998,1
-0.2491795633733445,0.3501689335612425,0.37509516199057413,0.6475448955446889,0
-0.4806310935841634,-0.09024668460331876,0.2705568846489622,0.4492505789030392,0
0.4182464588933164,-0.210040042838378,0.6765473345347316,0.3953143851585349,0
-1.0102890264328759,0.3458264851155069,0.031329570705995735,0.645589735891888,1
0.2286078656810846,-0.9576706060919205,0.5908944471511997,0.05869850341798577,1
0.4362348331881801,-0.2203367435244878,0.6846720320005394,0.39067836149814594,0
0.9275339095869942,-0.26577726561173304,0.906574039126938,0.37021905691516616,1
-0.7557951728691911,-0.5174613908841527,0.14627523134320708,0.25689988844780753,1
0.5213009436671756,-0.1543356658568486,0.7230933145970532,0.4203949247941069,0
-0.1813944499553856,-0.4666835133350918,0.4057112438097989,0.27976230320745427,0
-0.7769012952760468,0.6608805892583862,0.13674235992185946,0.7874408322415549,1
0.2333011032271163,0.3547829948123027,0.5930142126492728,0.6496223471267529,0
0.9616726379955384,0.11873217453734948,0.9219932668814994,0.5433419742957579,1
-0.3568815242202429,0.340032162435459,0.3264500852309036,0.642980879146458,0
0.17192483936751207,0.4678010358890732,0.5652927761666405,0.7005079976331849,0
0.5335185956383487,0.8331493136720379,0.7286115856971078,0.8650037241496478,1
-0.9480287350919259,-0.3532864298555444,0.059450290398976036,0.3308186151326391,1
0.206721487121318,0.4934649976697048,0.5810091622718974,0.7120630323633708,0
-0.2845738357487885,0.3504575438161346,0.35910885047853314,0.6476748404669604,0
-0.009569968637281434,-0.4459379507566541,0.4833181417454038,0.28910286013861375,0
-0.14233668471698435,0.4898613112795596,0.4233522224247016,0.7104404956034286,0
0.002012954798478045,-0.4869702069682838,0.48854972894403303,0.27062834908548844,0
0.4772883548809602,0.0015243123385430407,0.703214421556835,0.49056988361332277,0
-0.4756321564447657,-0.9050295747401351,0.27281472358662506,0.08239979126675956,1
-0.2631915613903089,0.4447993571926905,0.3687664497393597,0.6901516388425534,0
-0.7779252534384801,0.7972674275901098,0.13627987508854184,0.8488481343227428,1
0.4595968035863146,0.17829871337578534,0.6952237882948366,0.57016142761783,0
0.11271842781426833,-0.9802391509624996,0.5385513834192388,0.04853716036353545,1
0.5454288770621614,-0.7222621310162287,0.7339910286481443,0.16468966442932176,1
-0.1675476381559281,-0.5651106137886622,0.41196534742652724,0.23544613044137624,0
0.21084781829035396,-0.4654727835970833,0.5828728766822497,0.28030742653218255,0
-0.5522604607003448,-0.7257889321973985,0.23820449260137017,0.1631017447432181,1
-0.6654300753520632,-0.6577697119796221,0.187089874554435,0.19372696382103505,1
-0.0951699585375389,1.0449582403320334,0.44465572514145424,0.9603693393512223,1
0.40316954529160137,-0.19462729214885816,0.6697376384652521,0.4022538776276791,0
-0.05814595267041316,-0.5023951182506923,0.4613781282731581,0.263683381387135,0
-0.3533634621212495,0.3511783394480319,0.3280390665224707,0.647999374092405,0
0.3609470638720656,-0.2362592875636287,0.6506672721182849,0.3835093378322816,0
-0.1603176774254748,0.5442541636134106,0.4152308589542353,0.7349305296505433,0
0.4219934993046784,0.24602089106158226,0.6782397370406748,0.6006529051945215,0
-0.43973085120769895,-0.05423563127073988,0.2890300434869941,0.46546432545882455,0
0.5317529189735699,-0.0578741159368888,0.7278140934674815,0.46382612099756604,0
-0.23676765244192574,-0.4061479982789645,0.38070117283053784,0.3070180318771851,0
-0.0769016663716604,0.4422090067928762,0.4529068513761985,0.688985350134323,0
-0.9259460117676688,-0.3048658589890145,0.06942425710045591,0.35261966762798796,1
0.9669679264493414,0.4871673249971954,0.9243849569795657,0.7092275455015915,1
0.5939906951852865,-0.7529226000931718,0.7559246438916647,0.15088498423005342,1
-0.4664947992936127,-0.11541595089115615,0.27694173702726443,0.43791827765605307,0
-0.32714639961250164,0.8379128845948177,0.3398803645649831,0.8671484915056358,1
-0.4840422996240747,0.17557258292990074,0.2690161663709504,0.5689340048118551,0
0.9607561478719924,0.2721937566970425,0.9215793214708605,0.6124370706320834,1
-0.3168878735402265,0.3843223501880767,0.3445137694194805,0.6629222530489931,0
-0.2909722363267648,-0.4527332960823249,0.3562189245681105,0.2860432993462114,0
-0.5615687377788571,0.8328477543797221,0.23400028081707236,0.8648679490060552,1
-0.8942873757677969,0.5808571892462027,0.08372331689667856,0.751410807950209,1
0.21903408210298392,-0.4405128652977307,0.5865703156927278,0.29154547018564847,0
-0.3732668378319469,0.4201968501677319,0.3190494322427405,0.6790745173305668,0
-0.4086429985897288,0.9837567611682044,0.3030713010927328,0.9328137645992954,1
0.6833053279117641,0.7339976161722568,0.7962648301851849,0.8203613061956319,1
-0.3374707775586551,-0.3414297267501099,0.33521721680298067,0.33615701990972985,0
0.018693166255302072,0.4535189231143726,0.49608357661314084,0.6940775676573796,0
0.3529364421047944,-0.3045543701035968,0.6470491642612187,0.3527599135073979,0
-0.5103424598085352,0.23012385188913015,0.2571373361165654,0.5934953649318393,0
0.8055359044051355,0.4962521852381549,0.8514719566770704,0.713317945748462,1
-0.06387309702399316,-1.0880411487579775,0.45879138449892315,0.0,1
-0.5207275644654952,0.8916727863135406,0.2524467602976798,0.891353543584541,1
-0.1285528507148094,1.0092952637521648,0.4295778812502778,0.9443123121282007,1
0.9910319116106664,-0.29830989262108176,0.9352537879285236,0.35557144957494224,1
0.3284295848631732,0.4433746575792361,0.6359803040261519,0.689510176949247,0
-0.19281847177865455,-0.3521146500076288,0.40055142671708094,0.33134620151834726,0
-0.23924897484607535,1.0463281694696966,0.3795804493277696,0.9609861411879339,1
0.12086635628326825,0.4863182337271733,0.5422315077427898,0.7088452475852344,0
0.2498626641093444,0.4799332795741419,0.6004944701491448,0.7059704627948127,0
0.7225263306885668,-0.6518077169164647,0.8139795372867664,0.19641131398508382,1
0.0016493195499646465,0.4458782840385992,0.4883854880663614,0.6906374187576877,0
-0.6844525160332555,-0.6888343677159413,0.17849812673650728,0.17974030116221928,1
0.13045614483757928,1.0651026320656496,0.5465628680696144,0.9694392229525948,1
-0.549809306574928,0.9824679063200298,0.23931159018476686,0.9322334659431438,1
0.3701304396543756,-0.2680205129551174,0.6548150705086819,0.36920904913917396,0
-0.4207637844676392,0.13553981068848284,0.29759678090032293,0.5509095050269346,0
-0.5136188193325522,0.17100386919584645,0.25565752312815904,0.5668769706594307,0
0.4626696050432329,-0.9963851708563748,0.6966116614734085,0.04126751812268703,1
0.5023237011186618,0.2622853686526441,0.7145219811394236,0.6079758822562658,0
0.03870596481162904,-1.0170663630839658,0.5051226332309887,0.03195594353049708,1
1.0127813784844064,-0.10327158382832677,0.9450772347556337,0.4433862012910167,1
-0.42731640973512897,-0.14130810725225607,0.29463719728078686,0.42626049977478675,0
-0.3754026219371191,-1.032666061491209,0.3180847758806723,0.024932279046545214,1
0.43193272117741777,0.3189827885684935,0.6827289237474805,0.6335035331248078,0
-0.517993478186258,-0.8666077119443881,0.2536816480924352,0.09969898937179839,1
-0.3227276166014462,0.3606004499230605,0.3418761688852283,0.6522416191012317,0
0.6337055563308381,0.7951935624760448,0.7738624089400776,0.847914389812695,1
-0.9462948718388916,0.29637114280017696,0.06023341366220536,0.6233227841666815,1
-0.16719129658886156,-0.9933056630384718,0.4121262940123304,0.04265404683138402,1
0.4910441601397014,-0.04493466056159519,0.7094274208136802,0.46965202806247,0
0.8430718175339492,-0.4687758889533956,0.868425569787152,0.2788202244612047,1
-0.41582761354801306,-0.1885706474818888,0.299826270608736,0.4049808431707794,0
0.4566614725769131,0.11989051050481545,0.693898005540794,0.5438635076602362,0
0.057821959444247666,0.9370545358591508,0.5137566359819977,0.9117863862063638,1
-0.8549545241586337,-0.4692270275911979,0.10148854206676028,0.27861710217352,1
-0.5345625305215316,0.2014156253784216,0.24619800697442304,0.5805696694679523,0
-0.7873728904644038,-0.5840621028348177,0.1320127194610145,0.22691334364918542,1
0.14034787877472968,0.976644550974216,0.5510306061950413,0.9296115374255494,1
0.040644122250190866,0.5365234103458597,0.5059980287820984,0.7314498074120748,0
0.2460049193573292,0.4960187395582452,0.5987520665001737,0.7132128383234266,0
0.25696516776605605,0.4699989045733172,0.6037024139307601,0.7014975739579905,0
-0.4884611728807494,0.17987598478296365,0.26702032129002595,0.5708715839859175,0
0.3971892457018109,0.9799415975784334,0.6670365536353786,0.9310960115821281,1
-0.9993286880771368,-0.3010128831066809,0.036279958762391484,0.3543544453881595,1
-0.3654073818042111,-0.3873020581435544,0.3225992640076603,0.3155032959470534,0
0.8491985413966953,-0.536047432113782,0.8711927891603652,0.24853164219881602,1
-0.21261290593949436,0.39862434818280745,0.3916109973915918,0.6693616362179972,0
0.9529917389982472,0.1023257218342657,0.9180724190645644,0.5359550738474275,1
-0.1398893841365809,-1.0144039036688248,0.42445757950131924,0.03315469886190825,1
-0.17127072751007075,0.9954694908733076,0.4102837627460697,0.9380873462732631,1
0.041629014861210456,0.4852002509874514,0.5064428691200676,0.7083418830035826,0
0.5723397138586955,0.8126677242918222,0.7461456794208936,0.8557820194634911,1
-0.937400045735334,-0.1864826444141536,0.06425088460859385,0.4059209532040878,1
0.2048681794845476,0.5004412306493825,0.5801720903045806,0.7152040366656325,0
-0.4781438622841821,0.048547954697157315,0.2716802769860678,0.5117419779781022,0
-0.1134656569863011,-1.052875852147643,0.4363922204808754,0.015832949998248524,1
0.526849748989399,0.0025632652482365185,0.7255995090869356,0.49103766551921685,0
-0.2042071008408427,0.502342902619124,0.3954075952532779,0.7160602523132247,0
-0.899860650626836,0.2867677669478679,0.0812060704028465,0.6189989255805062,1
0.5385897875766916,-0.7457832616529712,0.730902059511734,0.15409942572323426,1
-0.3932305386303637,-0.9204453723689664,0.3100325513047363,0.07545892693266854,1
-0.3994722686989835,0.16282780902918398,0.3072133877917082,0.5631957518363426,0
-0.480834108753402,-0.16337053955353326,0.27046519004643754,0.41632703066924803,0
-0.22147789036206525,-0.4746599197405808,0.3876070048521963,0.27617097721401157,0
0.6567828979372164,0.7756414012681122,0.784285608713081,0.8391111542195702,1
0.5431337109861186,-0.18364276933950885,0.732954385219674,0.40719958880202867,0
-0.9633392114256332,0.4098713998135636,0.05253510249873866,0.6744255493159219,1
0.6775092806510795,-0.4578247163586579,0.793646965462188,0.28375091991462265,1
-0.18406348595717345,-0.4102982186356087,0.40450573687046043,0.3051494216926445,0
0.4428100595659787,-0.01812403666968609,0.6876418237234115,0.4817233400780124,0
0.4543795951170447,-0.24710455765650835,0.6928673640991841,0.3786263243033242,0
-0.4755670415948734,0.2531239400368795,0.2728441336070769,0.6038510075881165,0
0.8995035462810733,-0.3046781800510591,0.8939137387582541,0.35270416887003064,1
-0.2198458184015008,-0.43640168357959097,0.3883441526735978,0.293396503472764,0
-0.2343320525505964,0.4616847644049265,0.38180124512948127,0.6977541854968259,0
-0.4484031120408067,-0.2366954271011859,0.28511309721610767,0.3833129687935978,0
-0.188435702866475,0.5063214687672649,0.4025309647726224,0.7178515762877173,0
0.3439106902715236,0.8899569727649771,0.6429725589024051,0.8905810095029505,1
-0.12920284031058465,0.3978235466961926,0.42928430448035787,0.6690010804679181,0
0.5804526328870027,0.9049858812428108,0.749809991247472,0.8973476794700641,1
0.4797292305896892,-0.2769644447289431,0.7043168767515062,0.3651821010337196,0
-0.5257968185582559,-0.09359842235952992,0.25015716173775054,0.44774148040489836,0
0.5530862119149563,0.020081448258313414,0.7374495695953998,0.4989251154313328,0
-0.12782886494088366,1.089739514204819,0.4299048794151078,0.9805318216400056,1
1.0298495545070077,-0.16593406105915884,0.9527863119742673,0.4151728214991176,1
-0.13375520489699952,-0.4065222514320749,0.4272281661983543,0.30684952678747845,0
0.16770588801920058,0.4992299963118108,0.5633872285742836,0.7146586861481766,0
-0.1332729565754917,-0.9933442552237692,0.42744598030714587,0.042636670946661404,1
-0.9055460881866372,-0.5175349841239252,0.07863816407751972,0.2568667535620581,1
0.03896541887830478,0.4846409791290413,0.5052398192403222,0.7080900744245805,0
0.028846196253902917,0.41087584404785693,0.5006693327102584,0.6748777939113201,0
-0.3964739926274917,0.02315462003137921,0.30856760055160154,0.5003087913763461,0
0.3787975611007857,-0.9548785922177692,0.6587296955046495,0.05995558981636584,1
-0.3451317889789701,0.32280177614382266,0.331757015283273,0.635223007867027,0
0.5049051749723787,0.02211413479117058,0.7156879394263451,0.49984031954843333,0
0.027181011411813748,0.521613704739411,0.49991722899900265,0.7247368077757763,0
-0.42528698821501626,0.11969582394853955,0.2955538135136514,0.5437758512828421,0
-0.20661944271718666,-0.3827931693611264,0.39431802775773217,0.31753339429745,0
0.6758597917177303,0.6856104398577729,0.7929019510246973,0.7985752893838609,1
0.92865685809961,0.11736753826469515,0.9070812343178501,0.5427275555376809,1
0.5277181514728676,0.03319343158382648,0.7259917350513883,0.5048287021029068,0
-0.9877352640741508,-0.17525231861052173,0.04151628868710244,0.4109773356052727,1
-0.9470277220059332,-0.3428423991160029,0.059902411771907804,0.33552097320775154,1
0.39959762763483697,0.9783192920986868,0.668124332567883,0.9303655789107551,1
-0.6226880592393893,-0.7276658379809182,0.20639489591444282,0.16225667991264997,1
-0.0790213796950098,-0.5119811905065764,0.4519494536044959,0.2593673136346336,0
-0.06446317787329081,1.0225080489135958,0.45852486634101053,0.9502612841820026,1
-0.5299782535364008,-0.2081516304470381,0.24826855893165511,0.396164630765716,0
-0.4683340447718877,-0.17903540113467212,0.27611101642787117,0.4092740268828171,0
0.26305136389398937,-0.8995683114625844,0.6064513283933166,0.08485869014535796,1
0.7526858932034246,0.5889344467073214,0.8276015198582712,0.7550475414867402,1
-0.5635839401359325,0.03232173143807518,0.23309008686539906,0.504436224684784,0
0.9875723760579806,-0.2784196013242659,0.9336912409591844,0.3645269260790287,1
1.0202555164073064,0.010850910811465485,0.9484530322816291,0.494769124953779,1
-0.4553501246258848,-0.13130038476125833,0.28197538312256476,0.43076641285017225,0
0.6029709350861621,-0.7245228178744594,0.7599806931582082,0.16367180462325537,1
-0.412683734440109,0.3175615821626733,0.3012462469891523,0.6328636440259077,0
-0.3928778998204392,-0.9596372125982384,0.3101918254891831,0.05781305141040588,1
0.3879843123592128,-0.3247654514814404,0.662879018475412,0.34366000332003765,0
0.13870543229073545,0.4423158842480344,0.5502887725769781,0.6890334710252746,0
0.04663873991927989,-1.0367034745604105,0.5087055805700574,0.023114459622034678,1
-0.4075590457904528,0.30313289633807144,0.30356088333162623,0.6263672204713792,0
-1.0151842818423749,0.007712449547750608,0.029118561052310976,0.49335605283297584,1
0.24023248376245784,-0.9760582919919156,0.5961448663118508,0.050419565388139465,1
-0.5502369225112634,-0.07015374935948206,0.23911845154659234,0.45829729454883356,0
-1.0101760485914184,0.19371100356634247,0.0313805987070333,0.57710071275026,1
-0.4457054216069545,-0.024587999332878252,0.2863315463250809,0.47881298221096713,0
-0.05434671223927421,-0.447619283909837,0.46309410763832415,0.28834585063462115,0
-0.8868128020972867,-0.34023860767074543,0.08709931123409503,0.3366933136607683,1
0.4055418284936733,-0.3535606670585481,0.6708091129078068,0.3306951415850979,0
0.7855525930037469,-0.6578824649272034,0.8424462183396338,0.1936761975271803,1
-0.008828037423335055,-1.0453905842388012,0.4836532452158422,0.01920314402326795,1
-0.906068314006196,0.14198610078392712,0.07840229358009737,0.5538119059333264,1
-0.48146507125240207,0.12938277161904216,0.2701802071273246,0.548137337545911,0
-0.3297108538461902,0.3276538095539919,0.3387220934242954,0.6374076048924496,0
-0.2601231946643372,0.4687141477656671,0.37015231991050623,0.7009191204183877,0
0.3082813771055422,0.4936686891080335,0.626880087974069,0.7121547431313437,0
0.6301243529785242,-0.7225012551511919,0.7722449090301833,0.16458200031619913,1
-1.0230206782953428,0.0007104723730578383,0.02557914446252646,0.4902034573714831,1
0.6351226233956211,0.7547454324292119,0.7745024468335191,0.8297028778311366,1
0.18704659008925836,-0.4497924517149724,0.5721227235400743,0.2873673957227294,0
1.0370258074563288,0.1931441231925037,0.9560275656415314,0.5768454784858249,1
0.3391053589788019,-0.3350349810144614,0.6408021647168956,0.33903621329763034,0
-0.4616670620445043,0.2589907657027672,0.2791222511721484,0.6064925083394324,0
0.17034301888076409,-0.4574279546531335,0.5645783251167914,0.28392955933616365,0
-0.9123552591629392,-0.5047062062959986,0.07556270804861054,0.2626428287687865,1
-0.2367766779911527,0.4474447012002128,0.38069709631668897,0.6913426880710976,0
-0.32713161471514296,0.9382650293183452,0.339887042367887,0.9123314031480665,1
-0.14593761928260424,0.4449820873682383,0.42172581064005327,0.690233911935958,0
-0.11736630781011692,-0.9863387204745608,0.4346304377125289,0.045790868183337385,1
-0.9741572217361422,-0.30131247217514645,0.04764899886790791,0.35421955732526056,1
-0.6128615704276853,0.7184308266199896,0.21083316517866624,0.813352458713257,1
0.6020792799051089,0.8064716102247066,0.7595779647920353,0.8529922587145584,1
-0.856050349841802,-0.4933374746502906,0.10099359727602697,0.2677615275155817,1
0.8536552853401472,0.5413288412939868,0.8732057390595375,0.7336134219768777,1
0.3848508350832424,0.2711996443099739,0.6614637402259199,0.61198947788485,0
-0.3979595540252443,0.41165484425511306,0.307896626247544,0.6752285337747366,0
-0.24619864346608505,-0.8870818221128911,0.3764415355994001,0.09048065215290307,1
0.044016551519485636,-0.4841180820243394,0.5075212329965937,0.27191250010877194,0
0.5246309117359603,-0.06515572287578834,0.7245973406244303,0.4605476240223233,0
-0.6160085875201126,-0.8143944246714542,0.20941177148424006,0.1232076881835012,1
1.0239954743816753,0.40562105810467214,0.9501422359071763,0.672511860132576,1
-0.17501111213785675,-0.524857136467654,0.4085943664166195,0.2535700012774849,0
0.7230561550833637,-0.6065025772113518,0.8142188397855453,0.21680966351596498,1
-0.5160167182570438,0.7742766568671537,0.25457447899111085,0.8384966867774153,1
0.8534739675322021,-0.5946246362007891,0.8731238443696355,0.22215763052407256,1
-0.7806829056418731,-0.6952398209079484,0.1350343434189632,0.17685628681054266,1
-0.5642407145528444,0.8952556065807633,0.2327934456373913,0.8929666855060278,1
0.3469911241391632,0.9229207543376804,0.6443638793645965,0.9054227414290907,1
-0.3255942026736548,0.9456108022928608,0.3405814357306573,0.9156387904706522,1
-0.4688914435620528,0.2275087355170939,0.2758592595729345,0.5923179255029369,0
-0.6991126640739084,0.6386936117643235,0.17187666858348954,0.7774512874591424,1
0.09406294062144176,0.5168046513668785,0.5301253752077993,0.7225715622375418,0
0.9876899694460696,0.02984939042759249,0.9337443536355464,0.5033230689497037,1
0.4673647246702729,0.19263797710820346,0.6987322770393392,0.5766175894469997,0
-0.5878102457580093,-0.8184907232522206,0.22214794164053703,0.12136335593384484,1
0.9809703364680064,-0.17443999334783314,0.9307093386790466,0.41134307986186125,1
-0.9869407869252752,-0.042532158533415375,0.04187512525411535,0.4707337392422268,1
0.4005975943178973,0.3736864234242016,0.6685759813184914,0.6581334950156548,0
0.7923157454096815,-0.4276174542467589,0.8455008894462418,0.2973515465750879,1
0.8852592562842735,0.5732054336074323,0.8874801086290279,0.7479656538890922,1
0.17049529830775814,0.9184908678934642,0.5646471042212459,0.9034282133764373,1
-0.4245800451129127,0.23776337127032934,0.2958731141205868,0.596935009696207,0
-0.26786243857869285,0.4883525826229904,0.3666567836053612,0.7097612001706307,0
1.0077183714763172,-0.04084901417798889,0.9427904577776975,0.4714915642284511,1
0.01842105793931077,-0.5745847095139427,0.49596067513749215,0.23118047940594882,0
0.4166783791430251,0.10878692652299528,0.6758390896781069,0.5388641899541018,0
0.43389440026502096,0.21063899715509454,0.6836149431759471,0.5847224336483176,0
-1.0321824215451474,-0.0621906109871751,0.02144111670393556,0.46188264669515433,1
0.43474278366875535,0.9182084873638832,0.6839981272468012,0.9033010733481623,1
0.06720808579550787,0.5135970922153089,0.517996009464548,0.7211273792344529,0
0.7474260222099995,0.6570254071076429,0.8252258265448984,0.785705061123136,1
0.375204393438541,0.24318435366003946,0.6571067917490836,0.5993757723625581,0
-0.4970757842726525,0.14136883290771093,0.2631294131847449,0.5535339850180573,0
0.3143373306352123,0.4784905026715273,0.6296153429498124,0.7053208617176243,0
-0.43636232335987263,0.043967261741183435,0.2905514855706488,0.5096795502575878,0
-0.4716505637918962,-0.1252322209937427,0.27461306484895276,0.43349856479465554,0
-0.07842032972084348,0.5572905765895608,0.4522209261190147,0.7408000912554138,0
0.2776076730757061,-0.4499815880634536,0.6130258862928583,0.28728223829091426,0
0.465622906590689,0.14637651063107832,0.6979455608689328,0.5557886599005127,0
0.16663419914267358,-0.5220095607051379,0.5629031855053255,0.25485210406091174,0
0.4650341697493706,-0.8857328487400941,0.6976796497507695,0.09108801879044731,1
-0.05668537671583061,0.4503669969666904,0.46203781755704215,0.6926584330586469,0
0.04852174762263081,-0.5153450794946094,0.5095560669822664,0.25785274412204395,0
0.9195289282920734,0.3456758260765935,0.90295847886704,0.6455219026227325,1
-0.2464399278335718,0.4182358462098913,0.3763325561854227,0.6781915878346235,0
-0.023835340592870197,0.4539094372040188,0.47687498965858777,0.6942533941298105,0
-0.3352364983437509,-0.31462589268404795,0.33622635984046034,0.34822527484958976,0
0.022983982523595986,-0.9167357453464366,0.4980215829882477,0.07712916278509707,1
-0.18773369195893866,-0.452508419800777,0.4028480376858238,0.28614454845441584,0
0.7965421124015322,0.624696998379614,0.8474097864163292,0.7711494017585738,1
-0.32484141277584755,0.3103150377380559,0.3409214436754968,0.629600933723577,0
-0.4465936584123894,0.3060408307933087,0.285930361915425,0.6276764993703499,0
-0.343221266314222,-0.2925987406057909,0.3326199292074668,0.3581428592602489,0
0.4808530560313359,0.8932525405692646,0.7048244680195156,0.8920648178393142,1
0.9147181374300288,-0.2195221817721272,0.9007856187917108,0.39104511271991216,1
0.41378819708736936,0.3037292414822222,0.674533699072019,0.6266357210602882,0
0.8770264234348704,0.3595720385924395,0.8837616360705008,0.6517785834739261,1
0.4301924599481177,0.16180243891246626,0.6819429107499871,0.5627340854961554,0
0.5174233092146521,-0.07432281939449521,0.721341927490396,0.4564201974171074,0
0.13887047155368115,-0.4567417041005198,0.5503633148374089,0.28423853926049647,0
-0.5734275822570467,0.8343471979545402,0.22864407007228776,0.8655430638901512,1
-0.4722069974921753,-0.1031014778290301,0.27436174389018003,0.4434627904297665,0
-0.9904864892736532,-0.34221033463118417,0.04027365986251508,0.335805556201454,1
0.809023007545033,-0.5829536081208342,0.8530469549275697,0.22741243630790242,1
0.4840908319393438,0.03951782665608529,0.7062868541853492,0.5076762205543455,0
0.14717373637421774,0.4801707850531813,0.5541135989675655,0.7060773981184533,0
0.2260444230199827,0.4153218308838727,0.589736632901229,0.6768795710624567,0
-0.966879385302912,-0.2302644992579059,0.05093613411739589,0.3862084529441587,1
0.25966254841926634,1.002369143898644,0.6049207231230318,0.9411938709406339,1
0.4832773746705284,-0.916859044842718,0.7059194449852652,0.0770736479751109,1
0.4765705893952222,0.3023150613915892,0.7028902328709966,0.6259989955148841,0
0.1483423434862471,0.4512889082728357,0.5546414164949305,0.6930735177307532,0
0.18957823375583815,0.4399291080397629,0.5732661753353855,0.6879588402954013,0
-0.3984514528687671,-0.3474212941693969,0.3076744533473201,0.33345935498138035,0
0.033102660245049216,0.5167459025658475,0.502591823405376,0.72254511096544,0
-0.17126273162699707,0.3848395140772342,0.41028737419699246,0.6631551027840221,0
-0.38698750151143213,-0.8652646374060341,0.31285230516507323,0.10030370009684403,1
-0.47174715460519,0.2703885774616684,0.27456943827530444,0.6116243002212928,0
0.4527309672100984,0.2683375846574433,0.6921227385561493,0.610700853822535,0
-0.3423258048733087,0.4335611480281732,0.33302437672342683,0.6850917070085256,0
0.6008416903078754,0.8214556767524619,0.7590189903733617,0.8597387388803096,1
-0.2137653249710596,-0.9697347248048114,0.3910904914341423,0.053266711089579755,1
0.5093632012995011,0.10065416765085028,0.7177014685317973,0.5352024672620588,0
-0.2609590208247333,0.4149597907588948,0.369774807491879,0.6767165648105926,0
-0.33280074503069285,-0.4223018091959573,0.33732650143444454,0.29974488177798353,0
0.4146970454426404,0.3227393728250924,0.6749441929725701,0.6351949111716932,0
-0.4286182368339798,-0.1334886920992362,0.29404920910811616,0.42978114146040036,0
-0.18001631899075035,1.0491533397948531,0.40633369567634253,0.9622581560664205,1
-0.5704590038686825,-0.8739512476906641,0.22998486946380814,0.09639260934692556,1
0.9634134788422364,-0.164130547358207,0.9227795416711884,0.4159848420136818,1
0.10224922287426087,0.4251350785936838,0.5338228225470433,0.6812979231108283,0
0.35061434554451965,0.2891444601551238,0.6460003573079404,0.6200690165036296,0
0.9334014006946688,0.3699919399686099,0.9092241724492576,0.656470077457432,1
-0.3780350853053465,-0.22317861994567745,0.31689578747593494,0.3893988248067172,0
-0.5165405963907079,-0.8569446908997896,0.2543378622032231,0.10404970282450926,1
-0.9080625600086438,-0.005747268787322457,0.07750156485516135,0.4872959006963068,1
0.4338435147072427,-0.8062605463799211,0.6835919600116238,0.12686991488696758,1
0.4461254004771438,-0.3076890911155477,0.6891392431932145,0.3513485254110412,0
0.4644298162140914,-0.3238633551734239,0.6974066851372892,0.34406616641590737,0
1.0158555924768404,0.12402133615166006,0.9464657459253624,0.5457233855006737,1
-0.5107514730929551,-0.04394852144473184,0.25695259962282035,0.47009603089576407,0
-0.33965862613600023,0.22155459958065588,0.3342290448036354,0.5896371138604527,0
-0.03705441410015207,0.4761315487243718,0.47090441270347033,0.7042587577829597,0
-1.0665016108890517,-0.0298755095255721,0.005940381277799001,0.4764323145480774,1
0.9864827213087136,0.10042681520771476,0.9331990833558982,0.5351001032779289,1
-0.10722773048914556,0.990799905756832,0.4392096660583674,0.9359848954257421,1
-0.3245689420799234,-1.01788991828642,0.34104450882504256,0.03158514306531851,1
0.6155210319303258,-0.6815627544092869,0.7656491175724441,0.18301429856842977,1
-0.9254508958867969,0.295858283134856,0.06964788301998937,0.6230918723809195,1
-0.3351883453485015,-0.4110033493890821,0.3362481088052117,0.3048319410785697,0
-1.0182359914933137,0.010499420392640759,0.027740214278948405,0.49461086863966963,1
0.8438466999954997,-0.6086373802200942,0.868775556143254,0.21584848210839525,1
-0.32308635788831913,0.9217059999085518,0.3417141384328617,0.9048758060129143,1
0.14206564191270235,0.940727214563218,0.5518064576191429,0.9134399863146033,1
-0.18036273624458102,-0.4906439507350534,0.4061772315435546,0.2689742694395757,0
0.3406758156920167,-0.3015465019589277,0.6415114831616234,0.354114186911191,0
-0.15282941063345395,0.9475155979540894,0.4186130379789288,0.9164964125403676,1
-0.5422092088577151,-0.8830798283691966,0.24274427918994076,0.09228252425252864,1
0.14370858542167336,-0.3918459588234047,0.5525485157253952,0.3134574337136623,0
-0.4290843040139831,1.0106697281904211,0.2938387034351633,0.9449311559550118,1
-0.12879877024326614,-0.4638113179323898,0.4294668083018894,0.2810554908264893,0
-0.4824946064690298,0.005881241743067556,0.2697152033405242,0.49253156322524627,0
0.4323248897842499,-0.21885927262278446,0.6829060521101591,0.3913435833266364,0
-0.08044733578187828,-0.5524754607272281,0.45130540086157284,0.24113502733477285,0
-0.22019530398224174,-0.429352317382464,0.3881863026886221,0.2965704355386648,0
0.5840001014017091,0.8913048410385717,0.7514122543524653,0.8911878785766433,1
0.4009195328660303,0.2518289111587744,0.6687213893060775,0.6032679291144574,0
-0.8903702541170484,0.5250288530936088,0.08549253894128461,0.7262744564902968,1
-0.9154105143545386,-0.4830473053811916,0.07418275988288492,0.2723946104472148,1
0.06797333874537538,-0.5596327802087339,0.5183416465188241,0.2379124899926915,0
-0.840855488802662,0.44247449960683743,0.10785656593313636,0.6891048865765981,1
-0.8841397628096771,-0.6358002878323725,0.08830662631271491,0.2036185565997944,1
0.7551132138694908,-0.671289996861748,0.8286978527308824,0.1876395419837381,1
0.13607807180904768,1.023235913400735,0.5491020889613594,0.9505890005143309,1
-0.6841956276267558,-0.7322376033824217,0.17861415393001967,0.1601982717664649,1
-0.10522049608733236,-0.9432983611573051,0.44011626117309943,0.06516951482260647,1
-0.515682699620208,0.8143129997671857,0.25472534311744865,0.8565227942285507,1
-0.029332469686773388,1.0819857578703171,0.47439213545028913,0.9770407424176939,1
-0.8988224399710816,0.420030826841861,0.08167499257143795,0.6789997663894277,1
-0.4323981423620161,-0.08830214170631895,0.29234196261873224,0.45012609691156924,0
-0.40456316268119263,0.34236140349427097,0.304914015277108,0.6440296050430909,0
0.4249585563579962,-0.2424940650797883,0.6795789459726318,0.38070216911258004,0
0.048058622525030965,-0.474873855334937,0.5093468901414279,0.2760746540802749,0
0.7284357895915063,-0.6154755865926036,0.8166486259429169,0.2127696234036509,1
-0.3188593667122477,-0.339348647389051,0.3436233173243653,0.33709401258836824,0
0.1183558978116184,-0.5026121984231822,0.5410976245330963,0.26358564242719584,0
-0.447013772047226,0.12993355520528918,0.2857406117952442,0.5483853243346345,0
0.34320882574919204,-0.3429753105693129,0.6426555521061014,0.3354611306755594,0
-0.5684470122659945,-0.009996274148869649,0.2308936132339583,0.48538281319480975,0
0.69379497252066,-0.7281400459134799,0.801002622915874,0.1620431708224745,1
0.2496076634916255,-0.4183696297239279,0.6003792956014843,0.30151532044809226,0
0.3019671470451606,0.981441893936417,0.6240281788393587,0.931771510426393,1
-0.9035221669915344,-0.534975855083076,0.07955229601269642,0.24901411290664036,1
0.3863175726782617,0.9619462369583794,0.6621262124997296,0.9229937155015647,1
0.3970283663827117,0.2516461443774911,0.6669638902709879,0.6031856395395545,0
-0.7476865487464973,-0.5511403872028826,0.14993760331640138,0.24173613565440907,1
-1.030906552069207,-0.1082165356593852,0.022017380758038274,0.4411597683405866,1
0.3255360825351654,0.9653730250732064,0.6346734137732408,0.9245366049438992,1
0.2603964087533088,-0.8450977961700484,0.6052521812691942,0.10938369144314591,1
0.7431371078581581,-0.7457089664140412,0.8232886791966012,0.15413287667961661,1
-0.4778754206249202,-0.09919135133103484,0.2718015223656096,0.445223299889294,0
0.05501202132310376,0.4500355139256282,0.5124874886561911,0.6925091849384744,0
-1.0796538300736984,-0.2255464028479232,0.0,0.3883327456914639,1
-0.35851492787366396,-0.26075163288415404,0.3257123359320478,0.3724818159234873,0
0.5417594099243346,-0.8282402843902579,0.7323336631816006,0.11697367835728645,1
0.2790621068510333,0.999889903246875,0.6136828013767277,0.9400776086861717,1
0.4143319716915386,-0.21487531431409249,0.674779302375355,0.3931373350869468,0
-0.02692689072510069,-1.0060069894143224,0.4754786483821044,0.03693535582619634,1
0.9937678517834291,-0.1524823175275472,0.9364895130598709,0.42122938303150853,1
0.0042028961728616115,-0.4384373993516045,0.4895388461840386,0.2924799354600982,0
-0.9711598905245148,-0.3965278060134584,0.049002784868805715,0.3113494619459004,1
-0.7640274774528291,0.6134548038248457,0.14255699738320216,0.7660876755280628,1
0.915417177158073,-0.32140591122780554,0.9011013497306963,0.3451726148427646,1
-0.9148179473155764,-0.5018706400294376,0.07445040096266564,0.26391952435343247,1
-0.3145621742783185,-0.9630530814997952,0.34556420358266393,0.05627507827404321,1
0.6759125220485666,0.13484141761557564,0.7929257674062276,0.5505950580104628,0
-0.2341952701988009,0.980713528933972,0.3818630247660834,0.9314435687402478,1
-0.3989359733985189,-0.9029413464510401,0.30745561296432167,0.08334000270454545,1
-0.9337962230832494,-0.3839476815217972,0.0658786008373457,0.31701358257753687,1
-0.4606356841055272,-0.891124382638029,0.279588087249925,0.0886605151192632,1
-0.38919168295116796,0.9932217598796824,0.3118567562030575,0.9370753197624127,1
-0.8341295045737259,0.5670249478771054,0.11089444951973176,0.7451829296988918,1
0.1923562296015324,-0.4698739537576169,0.5745208954917245,0.278325827802683,0
0.24269771254249825,0.4156625543164777,0.5972583209072196,0.6770329796098505,0
0.5570175474512659,-0.13358026726233155,0.7392252115375522,0.4297399103286276,0
0.4871306122785482,0.011236318340465021,0.7076598129204583,0.49494265222992334,0
-0.4426630653414394,0.8555106265828842,0.2877056685128526,0.8750717623389963,1
0.8418135540400289,-0.2872732256834767,0.8678572577177678,0.3605406383096981,1
-0.6214566875519144,0.7017184746960773,0.20695106192837498,0.8058278290962649,1
0.4189412068000347,0.12247351155765153,0.6768611270133937,0.5450264873719716,0
0.03218725898001047,-1.0452149730210978,0.5021783697927067,0.019282211851412268,1
0.8633554609902956,0.5244473692941448,0.8775869572413915,0.7260126471268291,1
-0.02903777531940825,0.5543099995554664,0.47452523822769815,0.7394581054996936,0
0.4729464578428713,0.1850334903798938,0.7012533438472038,0.5731937179106428,0
0.3383037503932111,-0.3683311812321508,0.6404401071380859,0.32404481200163165,0
0.8228628146821505,-0.5930973050586463,0.8592978947918972,0.22284530160708016,1
-0.4031835650966146,-0.3614522817279488,0.3055371295627861,0.3271419925287824,0
0.4135762267619928,-0.1658866660364432,0.6744379597496553,0.415194160805114,0
0.14232222631257432,-1.0602758419299234,0.551922347503867,0.012501151904557362,1
-0.5982461903871321,-0.8720770570824253,0.21743440324670038,0.0972364516871807,1
0.9569109444932462,0.3265354748473761,0.9198425823061804,0.6369040818399538,1
-1.0122672104971129,-0.08151055752848017,0.030436096577085903,0.453183964271204,1
-0.4227865737718144,0.19580634142232803,0.2966831601993023,0.5780441252250891,0
0.7344946747909069,-0.6110389616257145,0.8193852050477473,0.21476718543306067,1
-0.05933785156108998,1.009894954174038,0.46083979069257164,0.944582318907019,1
0.24803026982937065,0.4686222652837051,0.5996668439880017,0.7008777509182598,0
0.8554678737190763,0.542370943927542,0.8740244196121788,0.7340826220258053,1
0.6152771686754273,-0.7818211121672568,0.7655389733683821,0.13787361390769126,1
0.7756855222130135,-0.678375479288139,0.8379896196646046,0.18444934881649067,1
0.3278941390901673,-0.3908335250006826,0.6357384625543375,0.3139132755701756,0
-0.02793174728105916,0.4857525329310896,0.4750247910529278,0.708590544418143,0
-0.3899523190644503,-0.2083929660190024,0.31151320440673136,0.39605597096722067,0
0.8449356018683271,0.3447607194928456,0.8692673736995076,0.6451098817333852,1
-0.09382650893965146,-0.4841708922713323,0.44526251269014966,0.2718887226326625,0
-0.4630796502933296,0.14820651159817694,0.2784842361977359,0.5566126061373349,0
0.2498308657430473,-0.4675818403717672,0.6004801079782318,0.2793578372019101,0
-0.3988497207348877,0.9085532737437544,0.30749457017002224,0.8989538751384085,1
0.27983718366205945,0.418424698932181,0.6140328755134522,0.678276617565559,0
1.000725579591826,-0.04524185156568803,0.9396320668318816,0.4695137172766516,1
0.06915844909795435,0.3476593062877893,0.5188769179625059,0.6464149519080653,0
0.43005620192945343,0.2673637484022061,0.6818813679356788,0.6102623902740398,0
-0.3262220587166809,-0.4188189848866227,0.34029785588524997,0.30131300115867354,0
0.9272701895113024,0.42918383566490026,0.9064549263157671,0.6831208500997275,1
0.5748472428739299,0.8305878736877873,0.7472782395011744,0.8638504521712099,1
0.510560439550535,0.029096737540660618,0.7182422177081651,0.5029841917988331,0
0.28074517131114685,-0.41320628327928105,0.614442980664179,0.30384008417716324,0
0.4831486244460301,-0.8490772487900486,0.7058612931697894,0.1075919683403655,1
0.9660732989736686,-0.3317103823116493,0.9239808861355141,0.3405330926104696,1
0.7808640825332658,0.6545266302350427,0.8403285878904605,0.7845800028101333,1
0.5072295336834163,0.029243502914507714,0.71673776811123,0.5030502719701834,0
0.5453211076956899,-0.22268731850511048,0.7339423531267041,0.38962003013959867,0
1.0249377806215991,0.13138142383169255,0.9505678415230052,0.549037217927909,1
-1.0279519089420357,0.10449650720894438,0.023351886096552865,0.5369324560852362,1
0.9833117941968108,-0.060507492818719484,0.9317668903712495,0.46264045989086244,1
0.4745310612126599,-0.9476234517745884,0.7019690518245782,0.06322217042110312,1
0.4260685550252968,-0.8886747793386559,0.6800802921872167,0.08976343334527132,1
-0.9656320304886032,0.14268897818110327,0.051499519131108396,0.5541283719881334,1
-0.7442231868789917,0.7427135584807654,0.151501878493627,0.8242856035017913,1
0.2834981557018864,0.4145462367004004,0.6156864040517631,0.6765303647394751,0
-0.4813661829056416,-0.043114826798580926,0.270224871413666,0.47047139658064885,0
0.4707190965029326,-0.030721239887592282,0.7002473253634098,0.47605152985906296,0
0.3973134639049868,-0.8732521470458228,0.6670926585008883,0.09670737494313736,1
-0.00014321269460880814,-1.0851989718871335,0.48757586614354964,0.0012796719669648793,1
-0.2038282927433336,-0.4878175510400244,0.39557868915756356,0.27024683783398834,0
-0.36808782598240136,0.3162562505280017,0.32138860440803213,0.6322759268019666,0
1.1343823688821897,0.2349548086541899,1.0,0.5956704723325376,1
0.7995133706182225,0.7109751782288471,0.8487517961892911,0.8099956006867336,1
-0.17413208646645248,-1.006115235367694,0.4089913904904891,0.036886618777672686,1
0.22925028556305865,-0.4896678508244852,0.5911846049554292,0.26941375218441277,0
0.4017129164887919,0.2568198257408174,0.6690797319669318,0.605515056499693,0
-0.4436088656370522,0.35476818838429564,0.28727848475855866,0.6496156806271955,0
-0.2085334495208716,-0.4811804209683036,0.3934535401741111,0.27323516321971947,0
-0.5451605153901412,0.7337347020330878,0.24141128087048333,0.8202429307851974,1
-0.5849084951761006,0.8242233549257947,0.2234585573311374,0.8609848682849666,1
-0.12013553215677394,0.482861979343248,0.433379679324765,0.7072890911436068,0
-0.9488128993189344,0.11915417091305015,0.0590961118054289,0.5435319754662286,1
0.4764362412531491,-0.08736021592439476,0.7028295526788044,0.4505501929734487,0
0.3059569054508503,-1.0261397417935998,0.6258302082766241,0.027870712769708095,1
-0.38942807228364573,0.09787823233696774,0.31174998769918694,0.5339526201326545,0
0.22904278641884915,-0.4553543064954956,0.5910908851037361,0.2848632061629671,0
0.5156136935547935,-0.8947996148672736,0.7205245896073424,0.08700576530263632,1
-0.9945236300767516,-0.15137629625820334,0.03845022951164628,0.4217273620375885,1
-0.9735510198796464,-0.06982808651037091,0.047922798301169967,0.45844392216478685,1
-0.9004665175856505,0.3232037402257405,0.08093242223074332,0.635403989625282,1
0.4945662818167187,-0.11724033247148145,0.7110182356696786,0.43709686151220273,0
0.07382244105988292,0.529305605585865,0.5209834742889689,0.728200036960017,0
-0.43413442351640064,0.1415674371448381,0.29155774727699424,0.5536234053062101,0
-0.5877952510503628,0.7775283249750574,0.22215471420715255,0.8399607295561191,1
0.08401000538918668,-0.4719347039217617,0.525584828293076,0.27739798821499706,0
-0.8465639667314662,0.5441874885869915,0.10527825310722316,0.7349005096461303,1
0.3241957166220594,-1.037152236624442,0.6340680190133277,0.02291240737149769,1
-0.2738794176721083,0.21823782057347246,0.36393913197154737,0.5881437553155815,0
-0.2193533911961441,-0.9956119587247932,0.3885665642157347,0.04161565194203243,1
-0.5847221060359313,0.010714807135797005,0.22354274255821593,0.4947078451438768,0
-0.3578135792895709,0.30722608741913776,0.32602910969772686,0.6282101535891608,0
0.7340528950873806,0.7133331306352997,0.8191856691486799,0.8110572536840992,1
0.3565619768487638,0.2673117891003854,0.6486866870558682,0.6102389959305543,0
0.2650138575170758,-0.5390676940068497,0.6073377157179737,0.2471717885890358,0
0.3191883066844412,0.3912661980166263,0.6318063532194351,0.6660486761439874,0
-0.36246192069697736,-0.19632052237665915,0.3239296221601705,0.4014915115418939,0
0.3271423034209102,-0.29577373489036857,0.6353988855999897,0.35671333838034625,0
0.13733155002500114,-0.4144596034535954,0.5496682396939194,0.30327578478075534,0
0.43157161329957855,-0.348321686335847,0.6825658243916481,0.33305395916435687,0
0.3474455136034265,0.28397397925548395,0.6445691106360985,0.6177410405318063,0
0.4065944293377275,-0.07867452127816921,0.6712845346035092,0.45446087146302894,0
0.6846298446506626,0.7815402654120833,0.7968630664468698,0.8417670800908311,1
0.9779748502125256,-0.24763259101471435,0.9293563859780504,0.3783885806593412,1
1.040915929122478,-0.2448943512950673,0.9577845927705295,0.37962145558841687,1
-0.9799470118133884,0.17548954691784888,0.04503396028815182,0.5688966183782516,1
0.4641490071547639,-0.2943454352893439,0.6972798538508541,0.3573564211450426,0
-0.25240830436870104,0.4364339653032006,0.37363685656770923,0.6863851746215998,0
0.9756645899150836,0.240108489392265,0.9283129250362051,0.5979908841390145,1
0.04528183764187354,0.4523345836325693,0.5080927169330283,0.6935443263768033,0
0.5864785310354518,0.09293453572632246,0.752531671295563,0.5317267523371914,0
0.4699722625540875,-0.27360265623723545,0.6999100075051032,0.36669572481126655,0
0.5164338066995193,0.2852087483911037,0.7208950050256236,0.6182969874416329,0
0.9472020875512956,-0.012961355382494787,0.9154574430990938,0.48404780432419114,1
0.4609572530063668,-0.26866168611169033,0.6958382540477875,0.3689203650242431,0
-0.06789288978157408,-0.5076620024188941,0.45697578963219215,0.2613120004599171,0
0.3426106169078429,-0.4666539078646594,0.6423853628284232,0.27977563288125806,0
-0.13692727631292845,1.0849376325400757,0.4257954563730024,0.9783698051173569,1
-0.4459624285430015,-0.20265624206157976,0.2862154655960629,0.39863889425599885,0
0.4273889553062187,-0.07877534750797613,0.6806766691938548,0.4544154750976084,0
-0.35525608652591883,0.380430510911801,0.32718423659441365,0.6611699772941405,0
0.7802798851517665,0.6738715560805738,0.840064727081963,0.7932899320061266,1
-0.42614213826364733,-0.3433281865208656,0.295167573194259,0.3353022505341965,0
-0.9970175802534758,0.2648861705627217,0.03732380250114831,0.609146876690179,1
0.4501447770616611,0.0011107671436101077,0.6909546500896387,0.4903836875329671,0
-1.0041202871840358,-0.3612926574396512,0.034115766908094536,0.32721386234416105,1
-0.4322775325107761,-0.18557308554155288,0.2923964377222996,0.40633047627195573,0
-0.4670423865096951,0.19620044008463405,0.27669441170514886,0.578221565628445,0
-0.8985615059737432,-0.4663907714723276,0.08179284701187639,0.27989410835975825,1
0.2620931253184511,0.4259634980030759,0.6060185267182626,0.6816709136540853,0
0.9371404166377034,0.4095704764310009,0.9109129505933538,0.6742900604866305,1
-0.3116076028624334,0.4522765953823835,0.34689867653178663,0.6935182175378576,0
-0.2462012342646981,-0.6070586143603915,0.3764403654294569,0.21655931134417844,0
0.9532964865325352,-0.08040014193710777,0.9182100624935344,0.4536839217926858,1
0.4823433719152579,0.03764649901495877,0.705497589752857,0.5068336672467305,0
0.4636604115617383,0.148539858338272,0.6970591729092976,0.556762693376083,0
-0.557451101259426,0.833727230583407,0.23586006816895622,0.8652639275445528,1
-0.40958966369230304,0.3694382833076194,0.30264372673644147,0.656220797085172,0
0.18146577749434564,-0.4429385442108092,0.5696020725238242,0.2904533237616285,0
0.06443931945540808,0.5041159965942585,0.5167454579417656,0.7168585765407032,0
-0.07358532567367818,0.441542835937363,0.45440472241351315,0.6886854109652466,0
-1.0253473346205058,0.27114138959339185,0.024528278028517758,0.6119632490711129,1
0.912183120710784,-0.4113149933362245,0.8996406435106199,0.3046916253836095,1
0.6060359933019225,-0.7368139963878858,0.7613650689950648,0.15813778007117935,1
-0.41781131476159417,-0.9480146998847184,0.2989303045831956,0.06304601346064176,1
0.6427186303667021,0.8056374091909814,0.7779332881967557,0.8526166650319055,1
-0.4119349138039252,0.8858254439302747,0.301584462162209,0.8887208150566752,1
-0.5917465543179143,0.7577112907442586,0.22037005356365674,0.8310382365776978,1
0.4066127056309086,-0.9560516383204232,0.6712927893435129,0.059427433307556454,1
-0.5369433369297283,0.056508248084884825,0.24512268290821335,0.5153260491883032,0
-0.0981153949743424,-1.0175676708272432,0.4433253781316842,0.031730232923787405,1
-0.8719333590754353,0.6226545459273628,0.09381981699134889,0.7702298005986965,1
0.3937520303569778,-0.366869443984069,0.6654840878959052,0.3247029498531593,0
-0.8720490294001073,0.4289675911976152,0.09376757289311483,0.6830234874107144,1
-0.0992808823263203,-0.4576283980767325,0.44279896968699506,0.28383931096605924,0
0.3128133034628926,0.2755235589965955,0.6289269950478954,0.6139362928310903,0
-0.30446085155143776,-0.4522216126547627,0.3501266053770178,0.2862736815384419,0
-0.4451351860162043,0.2270360335998717,0.2865891010981325,0.5921050944865407,0
1.0447987488207808,-0.12609901929096384,0.9595383218649922,0.43310829440249754,1
0.4892181344905023,-0.024707974285569468,0.708602671132505,0.47875896425547965,0
-0.4980900291523261,-0.22805416225146505,0.262671315489616,0.3872036430513273,0
-0.1694498228980696,0.9448852054499941,0.41110619944013094,0.9153120951306613,1
0.8736529930190684,0.1574694459762413,0.8822379796743711,0.5607831831260656,1
-1.0292551001484134,-0.12722354581394296,0.02276328180589482,0.4326019835242665,1
-0.4622804427792422,-0.2770586377219778,0.2788452092994694,0.3651396912407516,0
-0.1899135835830826,-1.0075488525963052,0.4018634595541871,0.03624114178514937,1
-0.0938067707691184,-0.9803602638301792,0.4452714277072313,0.04848263006909875,1
-0.5259716824823242,0.04969279756515696,0.2500781820335566,0.5122574361608028,0
-0.34430803667241344,0.3226569766479928,0.33212907437921063,0.6351578128196868,0
0.8782976560814614,-0.5830813600383612,0.8843358058366458,0.22735491682371328,1
-0.5371384509768105,0.011871372631956572,0.2450345569565355,0.49522858136496734,0
0.9276856039710364,0.24381856543297165,0.9066425539886704,0.5996613221590067,1
0.296868428983216,-0.3142745848318761,0.6217252724711841,0.3483834489642308,0
-0.46297620576522,-0.13909096270868507,0.27853095834625285,0.42725875493202986,0
0.5235977916464779,-0.07018078221223085,0.7241307176803387,0.45828512317969583,0
0.4692817365221537,0.8363110373348439,0.6995981218944436,0.8664272700169326,1
-0.8694838716548893,-0.4870200272547362,0.09492616178449237,0.27060591781999854,1
0.6787888963189476,0.7831531178972514,0.7942249215355672,0.8424932566118252,1
0.48397537144066205,0.0613467757649056,0.706234704857919,0.5175045653450643,0
0.8064273367394054,0.6241966562826835,0.8518745843914187,0.7709241259279587,1
-0.5182473306127598,-0.18610286297053544,0.2535669921411813,0.4060919473712549,0
0.4990610869151854,-0.17676562542550225,0.7130483764147063,0.4102959788859168,0
0.23034531776706785,0.9777164801662906,0.5916791913603515,0.9300941666917787,1
-0.11730136280381108,-0.4202231453966245,0.4346597710207813,0.3006807868653967,0
0.6921602537131838,0.7418714556882307,0.8002642796095418,0.8239064521027477,1
-0.932474861853232,0.21024789738666927,0.06647541186990269,0.5845463434777605,1
-0.4259607851572933,-0.2673457275369272,0.29524948382717436,0.3695128669600256,0
-0.5307231601813482,-0.07715156042896862,0.2479321115667481,0.45514657484957727,0
0.2338751495605872,0.4703052062153851,0.5932734885968574,0.7016354843142426,0
0.3536361248760825,0.9596630181731166,0.6473651856395584,0.9219657108393915,1
0.3870879153843248,0.31667427134858944,0.6624741484126232,0.6324641380041622,0
0.2143066539416693,0.32969154798372513,0.5844351075314772,0.6383250835938235,0
-0.2823410463829501,-1.0025524497507377,0.36011732060512425,0.038490740225952225,1
-0.10705862959841647,0.4375511268526152,0.4392860428090316,0.6868881694675653,0
0.4620256964463474,-0.20911270864631573,0.6963208312705468,0.39573191145035846,0
-0.8062478953390877,0.6038135991977791,0.12348756305951347,0.7617467847778803,1
0.4755386722468459,-0.2817980948152312,0.7024241532518545,0.3630057809823557,0
0.5228666560776449,0.15899701660199292,0.7238004902119811,0.5614709620350372,0
-0.4677436835092205,0.39669161010660176,0.2763776612383515,0.6684914332545653,0
0.5240704374054347,0.937595149764782,0.7243441946592515,0.9120297941614015,1
0.9354526549205436,0.4698458887045289,0.9101506497249416,0.7014286795412503,1
-0.4589283619151575,0.01891902485799509,0.2803592228759707,0.49840174172634244,0
-0.06389081076810252,-0.4949947945902487,0.45878338384197015,0.26701532980733467,0
-0.4433498448992014,0.30315869797219325,0.2873954750489491,0.6263788374922009,0
-0.0577035296869528,-1.0352708006298246,0.46157795471848406,0.023759511900652286,1
-0.04075768996699848,-0.5617389689805509,0.4692317770579498,0.23696419196237567,0
-0.8781945315841313,0.423610900156432,0.09099187203198073,0.6806116715130435,1
-0.18813957650457208,-0.9823996063292244,0.402664714330124,0.04756442914577147,1
0.7875993122823238,0.6395386264841464,0.8433706473437947,0.7778317499348324,1
-0.9895030505220832,-0.003355218332927561,0.04071784354480257,0.48837290612178047,1
-0.1061599829529602,-0.4046672264380171,0.43969192896657505,0.3076847399324683,0
0.90861457922197,-0.4124169859130417,0.8980288625060922,0.3041954602705855,1
-0.24226624247752385,0.3978458035485275,0.37821765876776364,0.6690111014734008,0
0.40289326619187343,-0.3390016034612697,0.6696128531975776,0.3372502668983104,0
-0.27453534359648063,0.4524860894249864,0.3636428739769032,0.6936125408913107,0
-0.02229251808934192,-0.4982683419219108,0.47757182673119564,0.26554143604800057,0
-0.9393017887102438,-0.4540883899328919,0.06339193615246347,0.28543317700267756,1
-0.8584889178399772,0.4589987394848179,0.09989218439067071,0.6965448199474498,1
-0.3911802573759319,-0.3433385034369588,0.3109585891244425,0.33529760540867826,0
-0.31829617266429644,0.3414900007062776,0.34387769168744786,0.6436372615083977,0
-0.2564572856213261,-0.4034413976102433,0.3718080783144293,0.30823666152583973,0
0.19824863691758374,-0.471940963979489,0.5771822825633677,0.2773951696640239,0
-0.7269810860803242,0.6537526293101121,0.15928951123730062,0.784231513841625,1
-0.9151488680360078,0.07199154058529181,0.07430093605301896,0.5222973026568479,1
-1.0231946908243217,-0.057134874175564274,0.02550054930267276,0.464158959874865,1
-0.5007382452513134,0.2329920805367391,0.26147521214666425,0.5947867665447518,0
-0.3370166734345883,-0.5066599201005421,0.33542231919664567,0.26176318161776163,0
0.4722788172839885,0.046954242438252816,0.7009517947762367,0.5110244192216259,0
-0.7613704823292048,-0.6846294911334385,0.14375706589376996,0.18163351996305283,1
0.047401712208764456,-1.038679208334976,0.5090501875326013,0.02222489812027406,1
-0.6993363268127045,-0.7004204970833428,0.1717756482212653,0.17452372048098613,1
0.4697530102615383,0.15673885713279526,0.6998109791817846,0.5604542401697261,0
-0.4757006832421482,-0.13980179973583445,0.272783772513009,0.4269387051047108,0
0.3083031936978829,-0.9442074013828836,0.6268899417390394,0.06476022527224473,1
-0.3693168649718456,-0.3801396199297994,0.32083349198935357,0.3187281379656075,0
0.2202158880627775,0.92943939351663,0.5871040946618118,0.9083577170478263,1
0.207347828147712,-1.0038733060250231,0.5812920578391375,0.03789603313226919,1
0.019927681062048636,1.0026740808410648,0.4966411622602629,0.9413311668495941,1
-0.7719075298228316,-0.6603768527880647,0.13899786299609562,0.19255311533865554,1
-0.4322633936727148,0.07244649522762596,0.29240282372360704,0.5225021430761786,0
-0.1368501207117525,0.4772422149329236,0.42583030476491773,0.7047588281432244,0
-1.0138247938589149,-0.06912678216088795,0.029732592559158555,0.45875967996492595,1
1.0345225233012896,-0.010184955073255527,0.954896922810931,0.48529786081478216,1
0.05921189803712326,-1.0166942415474731,0.5143844209267655,0.03212348887344835,1
-0.03576399609616319,0.4764394789661535,0.47148724780101636,0.7043974014058219,0
0.3616172325439551,0.3680718756192963,0.6509699630463761,0.6556055807585142,0
-0.8477391218865227,-0.6732879377513457,0.10474747806587076,0.18673998187039725,1
-0.799032836971973,0.6788191111007804,0.12674634372918692,0.7955175370258294,1
-0.8889207928100821,0.4320220836640181,0.08614720814120552,0.6843987531173137,1
-0.8540576692212083,0.5125561008693136,0.10189361897464844,0.7206586795356451,1
0.4439499516383508,0.2953067576137189,0.6881566717068861,0.6228435515407547,0
0.2287230976493868,-0.4665930812522197,0.5909464932597305,0.27980301967466387,0
-0.8049086632376045,-0.6081413691741357,0.12409244571776212,0.21607180791099723,1
-0.08820592979367925,-0.5066552408373718,0.4478011248179111,0.26176528842609104,0
-0.49616871397096096,-0.1789790780680262,0.2635391040028622,0.409299385983519,0
0.18152751895069094,-0.37530250313185537,0.5696299589045322,0.32090601888173287,0
0.2722443615187506,0.4551350895546197,0.6106034726216253,0.694805236265463,0
-0.007806105925208561,0.9827026860079494,0.4841148146782604,0.9323391739967577,1
-0.4898080669380481,0.8025162685207909,0.2664119780037084,0.8512113913976116,1
-0.4542476630692749,-0.05058674748897542,0.2824733250971042,0.4671072120554108,0
-0.8932016843372975,-0.504435218828865,0.08421368441235488,0.2627648391435267,1
-0.5817837861100645,0.9374455836702644,0.22486987529762303,0.9119624529834733,1
0.5780487965561384,0.7804374963436307,0.7487242653989075,0.8412705653674122,1
-0.5753003813690004,0.8973960086854472,0.22779819451124816,0.893930387870752,1
-0.7897877340536505,-0.6551074678650644,0.13092202203231595,0.19492562221473492,1
0.5663471658706467,0.05444707379244064,0.7434390624329352,0.5143980186395617,0
0.303247847772004,0.30404763849915073,0.6246066249945965,0.6267790772817494,0
0.3389798258471314,-0.4360961036695584,0.640745465945787,0.29353408887378096,0
0.3576873125496371,0.33168000750082705,0.6491949604532968,0.6392203747798095,0
0.3539256750367864,-0.4299681143721952,0.6474959649650457,0.2962931768806326,0
0.4380197468332521,0.3850824531809586,0.6854782128777598,0.6632644845624416,0
0.5298082488300376,-0.8037525948120771,0.7269357563633052,0.12799910404785275,1
0.05165805208634674,0.9215271058504008,0.5109726221701152,0.9047952601068445,1
0.6181058058321558,-0.08831536226133453,0.7668165663716322,0.45012014444118825,0
-0.8111956987295246,0.610902976685712,0.1212528193851462,0.7649387316716869,1
-0.5588933724832107,-0.7358454374002821,0.23520864646931783,0.15857386756365843,1
0.4283326296808783,0.23529170778889644,0.6811028927466155,0.5958221590142502,0
-0.4182522979258363,-0.8220572425217259,0.2987311284520871,0.11975755343237321,1
0.4144935142308079,0.9657869922701596,0.6748522652922873,0.9247229910279668,1
0.5527071557516422,-0.8189394958206155,0.7372783636487703,0.1211612989537853,1
0.04834198095700365,-0.4611656682440457,0.5094748728871962,0.2822466776858694,0
-0.4412102291008133,-0.95114790909339,0.2883618620481305,0.061635306044047156,1
0.7057840508941841,0.9266258682913612,0.8064176555965401,0.9070909453011207,1
-0.9473884626544032,-0.2608981427654796,0.05973947828028736,0.3724158507860115,1
-0.5115794651147133,0.06638209563321966,0.2565786256010095,0.5197716859265745,0
0.14412511604984282,0.5135805081239135,0.5527366475311741,0.721119912353319,0
0.04813262347179213,-0.5220616807383044,0.5093803136901468,0.2548286373491654,0
-0.9401846799977048,0.4931333096376418,0.06299316611976152,0.7119136919473105,1
1.0395877531598572,0.2777671087978799,0.9571847037699579,0.6149464367868185,1
-0.4524825005548925,-0.21864831090127215,0.2832705851036095,0.3914385674931361,0
0.16394024862262502,-1.0016672412070908,0.5616864255800275,0.03888929971387256,1
-0.8601471825393533,0.507783047112025,0.09914320625736012,0.7185096425940402,1
-0.026995932162309656,-0.5113338402602323,0.4754474648643094,0.2596587789447458,0
0.94884184844151,-0.4910372822410604,0.9161980637316687,0.2687971744434392,1
0.482403112268399,0.19507498904205686,0.7055245723076903,0.5777148384911751,0
0.8566233920200806,0.4596299470480154,0.8745463253974362,0.6968290171176703,1
0.2904514434905778,-0.3515220154767776,0.6188269524276074,0.331613031427339,0
-0.3292639667738979,0.309631605945503,0.3389239361369407,0.629293222927942,0
0.5794315508899033,-0.24733794756891195,0.7493488054739148,0.3785212419872519,0
0.5654203504742978,0.060733131285438134,0.7430204534703599,0.5172282758410179,0
0.12349372311240292,0.9282206508002292,0.5434181942253206,0.9078089859308013,1
0.2532093915193959,-0.4663485423479932,0.6020060657642616,0.2799131217530324,0
0.09090521230073194,0.4818011960691668,0.5286991436393187,0.7068114802557017,0
-0.08707956936805439,0.947614998709528,0.4483098610464136,0.9165411670950665,1
-0.17465630362621096,-0.3068553939719557,0.40875462057678774,0.3517238922203829,0
-0.4138829016574949,-0.3589348145593748,0.30070462656851443,0.328275466028066,0
0.12139098931453335,-0.9864931394588328,0.5424684654905956,0.04572134202282041,1
0.476070397557377,0.8277091939265432,0.7026643143254547,0.8625543450111937,1
-0.07113168824602356,0.4567170082558029,0.4555129416146318,0.6955174850479677,0
-0.9168085861721009,0.4316615792959467,0.07355130145495964,0.6842364383301792,1
0.5031111983981889,0.014087403550613681,0.7148776651521322,0.496226335119712,0
-0.472735120986388,-0.035719058002646575,0.2741232096266203,0.47380129420222106,0
0.1126692296160974,-0.9549637225652372,0.5385291623741655,0.05991726042162959,1
-0.2377634751166967,-0.4010602371818869,0.38025139577845507,0.3093087637867061,0
0.3069448650462636,-0.3329127231417889,0.626276433860415,0.3399917463378817,0
-0.2504487897130013,-0.41697968661557705,0.3745218984006404,0.3021411334471631,0
-0.9090404648291844,-0.4772956348070028,0.07705988064918412,0.274984263354643,1
0.2260932722579317,-0.9733515056599834,0.5897586963336029,0.05163827863046799,1
0.44327774013648025,0.2609295746145912,0.6878530581064457,0.6073654446577925,0
-0.8043629783251549,0.6277867458975992,0.12433891183819273,0.7725405408267736,1
0.7777743401975351,0.6201186217237508,0.8389330631302114,0.7690880169373768,1
-0.2507894659061454,-0.4236532605646992,0.3743680272971305,0.29913639943860615,0
-0.35868726040035825,0.29921053064552616,0.3256344995684077,0.6246012003927468,0
-0.16761656036775532,0.3263975958567972,0.411934217758521,0.6368420027058623,0
0.22997235448203665,-1.023969093921726,0.5915107373462721,0.028848033097757908,1
0.689631622961842,0.5867900574258283,0.7991221886389722,0.7540820439211465,1
-0.4679525439643499,-0.00499852219252335,0.2762833265317971,0.48763301906411627,0
0.3890359311067955,0.27571777679456777,0.6633539965936914,0.6140237381530547,0
0.197192779659024,-0.3270041973290129,0.5767053900631197,0.34265202231375813,0
-0.4249838106732233,0.007434721569026963,0.2956907478338472,0.49323100758598215,0
0.17873971771141633,-0.5166636306895616,0.5683708100068813,0.2572590748755951,0
-0.6882607738485674,-0.7400719105832416,0.17677807454535166,0.15667092503152946,1
-0.22328002976307232,-0.5095908360996542,0.38679304372461537,0.260443555425575,0
-0.36588207681798735,-0.3985684716317473,0.32238486145453127,0.3104306652965919,0
-1.0392818795246883,0.09855082473848703,0.018234548544440732,0.5342554505617694,1
-0.41743354876709815,-0.3187742867613374,0.2991009278072757,0.3463574869356538,0
0.5073240883471279,-0.9112778870541138,0.7167804750298234,0.07958652859086363,1
1.0459613162036698,-0.11237348000112866,0.9600634114653508,0.43928813072473943,1
-0.3678945347056993,-0.3691562382839532,0.321475907080316,0.32367333533838494,0
0.8255572681089045,0.5369580524865447,0.8605148818619481,0.7316455022573893,1
0.4354050987280935,-0.18472862715177168,0.6842972709824142,0.40671068826360085,0
0.6965242760306462,-0.7274062529831086,0.8022353505069013,0.16237355639846945,1
0.8083997284630663,0.5569183049724611,0.8527654423297808,0.7406324783396288,1
-0.02936376124311215,0.3818506088166686,0.47437800218708703,0.661809367297573,0
-0.5032838123469944,-0.8944584450110806,0.26032547164247494,0.08715937484939684,1
0.4151007739322089,-0.35924461426266663,0.6751265425157975,0.32813598069210986,0
0.5258258871115707,-0.2365949715255692,0.7251370677418885,0.38335819827433865,0
0.9095502249762148,-0.5226735689657308,0.8984514598216582,0.2545531385863734,1
0.8947677831409914,-0.4232982487014154,0.8917747659888318,0.29929624126057175,1
0.7675022099208924,0.7154896669941759,0.8342935137490916,0.8120282203936323,1
0.14005814223725954,0.956972845083508,0.5508997426899157,0.9207544776032159,1
0.3643192535423929,-0.9229834238474512,0.6521903681146004,0.07431618547943641,1
-0.36947620214041416,-0.3345694584107767,0.3207615251585295,0.3392458118740015,0
-0.5453105176573189,-0.768841848431912,0.24134353027668165,0.14371744443222612,1
0.28508436655745595,-0.4772925558238927,0.6164028380722717,0.27498564964710537,0
-0.8694519578005226,0.3754029751224871,0.0949405761171856,0.6589063614444388,1
-0.045850571444275685,-0.9965556623159012,0.46693150686377727,0.041190755432932935,1
0.06770022856274067,-0.9790536463936448,0.5182182925362814,0.049070926217108735,1
-0.9077909294710192,-0.3696497017631794,0.077624250535618,0.3234511565614183,1
-0.3136517396901208,-0.3128757525983605,0.3459754139272044,0.3490132642350817,0
-1.043052351905797,0.17557677998588125,0.016531562666031507,0.5689358945094799,1
-0.22315106949477653,0.5081758350400063,0.3868512904092706,0.7186864928476455,0
-0.3118488552519673,0.9501292521070808,0.34678971156109295,0.9176731936144925,1
0.4280062165002019,-0.2331533513642472,0.6809554637294972,0.384907765750791,0
-0.23102120667246598,1.008654099669825,0.3832966343555887,0.9440236320988853,1
-0.3519495022933521,0.4399219838465803,0.3286777009894972,0.6879556326729636,0
0.2605319782376155,0.4313393654739001,0.6053134130974591,0.6840913636166133,0
-0.2790195333473453,-0.43855989811730334,0.3616175278000975,0.292424781173938,0
0.9243369652309732,-0.4218234012877953,0.9051300950949801,0.29996028188032386,1
-0.5696388324618877,-0.8827513471711045,0.23035531119695668,0.0924304208120938,1
-0.3074480424737752,0.3152464931988997,0.34877739937770025,0.6318212900195959,0
-0.708889907833101,-0.7160115017772017,0.16746064152674878,0.16750397028590935,1
-1.0631572523038064,-0.2615613932259421,0.0074509069805053785,0.3721172265061375,1
0.045037884678223734,-0.5487719967390418,0.5079825322107708,0.24280248832038662,0
0.7555123898111473,0.6842030723997968,0.8288781460530261,0.7979416311827596,1
-0.7803369629148029,0.5882407807193152,0.1351905932251919,0.7547352228100264,1
0.5927062360778923,-0.7643730379779277,0.7553445002119905,0.14572949777144895,1
0.44269806087227903,-0.13564032206142512,0.6875912379679697,0.4288123838246107,0
-0.9903823157565284,-0.4931852842140848,0.0403207112689799,0.26783005028657825,1
0.2710115546821116,0.9545757539284522,0.61004665840277,0.9196752026344933,1
-0.3228382950593632,-0.8634848941199647,0.34182617943249527,0.10110501813406408,1
0.7341723245196232,-0.4778989822488369,0.8192396110997189,0.2747126100259655,1
-0.9551002693128844,-0.36183196280885904,0.05625633439035549,0.3269710435492829,1
-0.34282906279819503,0.8533402318610104,0.3327970733373649,0.8740945559901157,1
-0.5141343581930508,-0.01856036150263654,0.2554246728880673,0.4815268876112623,0
-0.33999900887718065,-0.3886911474581031,0.3340753062417542,0.3148778673631839,0
-0.4849894055214389,-0.01524852878568139,0.2685883929236098,0.48301801912057835,0
0.8879938362900845,-0.2613072442160686,0.8887152194222032,0.37223165547313924,1
0.4986583136030794,-0.08813727581479658,0.7128664582905601,0.450200326725292,0
0.20800667739318449,0.9653150823334492,0.5815896361920946,0.924510516595733,1
0.23661308502192754,-1.0360320801914251,0.5945101149278232,0.0234167506446597,1
-0.9857906631436611,-0.04312568613383097,0.04239459453025296,0.4704665072343728,1
0.4547273340079127,-0.1791544768074768,0.6930244251675768,0.40922041382234975,0
-0.13739573771711314,0.4316848710418057,0.4255838693156609,0.6842469252898555,0
0.36657183385229103,0.2530724117800798,0.6532077770941647,0.6038278073198962,0
-0.16152824636836338,-0.9998471045737628,0.41468408878694557,0.03970880459747406,1
0.3319150461212648,-0.9576359563276804,0.6375545606980777,0.05871410425282991,1
0.3076371179512849,0.8986647215040983,0.6265890994371331,0.8945016177068721,1
0.2790339670056745,-0.9022083918802862,0.6136700916272793,0.083670010814482,1
-0.9370900328075792,0.11101891795136004,0.06439090622517851,0.5398691298263119,1
-0.07951156133635494,1.0867347751379115,0.4517280563023306,0.9791789570834716,1
0.9556387203278424,0.44032071582826265,0.919267964706882,0.6881351591987492,1
-0.4967095297912565,-0.08712096318224974,0.26329483707508994,0.45065791499113284,0
-0.21872393127916187,0.4091973612192903,0.3888508684729456,0.6741220677477646,0
0.0820797648933079,-0.5982228523102735,0.5247130085383723,0.2205375567230281,0
0.043317650140309256,-0.5175331449416259,0.5072055645447834,0.2568675816421311,0
0.4500988439484521,-0.021919101952570123,0.6909339037652422,0.4800146361950389,0
0.2304459719309614,0.4600486828884222,0.591724653202367,0.6970175502529685,0
0.3895759645385072,-0.28158791701468505,0.6635979101448639,0.3631004121934518,0
-0.4186919982935257,0.8814649448572787,0.29853253171374255,0.8867575282243422,1
0.9453311694208384,0.29615488286514124,0.9146124171093022,0.6232254145134126,1
0.2665052875729773,0.4644580529577416,0.6080113406824638,0.6990028409389794,0
0.4688520888040264,0.2195656720286749,0.6994040655739869,0.5887416119447544,0
0.8172778654606261,0.6014398468070077,0.856775375411158,0.7606780179385793,1
0.3410786429913609,-0.4910115716408846,0.6416934256698508,0.26880875047680863,0
0.7813877469000359,-0.5600964748768599,0.8405651081275809,0.23770371443262023,1
-0.03951052075836575,-0.4830068400959591,0.4697950782402976,0.272412829683209,0
0.93292337220871,-0.169409407473744,0.9090082642874198,0.4136080689927347,1
-0.2623267747251545,-0.9798198258393214,0.36915704256957727,0.04872595881963432,1
0.06412674444856227,-0.4394690178917877,0.5166042791268062,0.2920154558071899,0
0.09206219314546674,-0.4605300105073447,0.5292217100026331,0.28253287851826137,0
-0.6800634514054431,0.7677080090632242,0.1804805083388868,0.835539195094972,1
-0.06715625686678285,0.4993233101817919,0.4573085000527077,0.7147007001216097,0
-0.9961923668364548,-0.13818113504509216,0.03769652152778846,0.42766839902132375,1
-1.011020392304098,0.1799645326458174,0.030999239218386432,0.5709114520951092,1
-0.27183624516950744,0.48589062572092695,0.36486195902539786,0.7086527198139839,0
0.2636280234001502,0.4014355928544391,0.6067117846164048,0.6706273811600064,0
-0.33104801586642524,-0.9422334432342626,0.3381181457468068,0.06564898730977486,1
1.0148107189502542,-0.24589567110819946,0.945993814379221,0.3791706177436731,1
-0.5848091325226206,-0.8237091401264149,0.2235034358446535,0.11901379709591786,1
-0.3260472010193689,0.2979568283615772,0.34037683277704356,0.6240367289539186,0
-0.15718261763871802,0.4557822880974709,0.4166468519665606,0.6950966332720474,0
-0.7561827524356218,0.5930497850791681,0.1461001756839484,0.7569004462806151,1
0.5446827569214621,0.0038522994367366646,0.7336540331911363,0.4916180449222035,0
-0.3253613242632649,-0.23597795480240544,0.3406866184781208,0.3836360061095515,0
-0.2447569224623926,-0.4574615536013687,0.37709270878454143,0.28391443162450813,0
0.037922896986236417,0.9918767683872179,0.5047689498423603,0.9364697459410332,1
0.15028722538282252,0.4911602554497637,0.5555198492402905,0.7110253369123262,0
-0.3322641941195865,-0.3107959711632887,0.33756884205713145,0.34994967253084164,0
-1.0216307016042994,0.20514917292498971,0.026206946614857562,0.5822506753834128,1
0.4492202774329036,-0.32378389365193805,0.6905370870754506,0.3441019434579841,0
0.4489965302077484,0.9846690556857862,0.6904360285537965,0.933224519373828,1
1.024914958591192,-0.03891223578425965,0.9505575336380583,0.47236358631901953,1
-0.3055707044203361,-0.5106216165623122,0.349625325014293,0.25997945311171483,0
-0.247372431292494,-1.0683294963384138,0.37591137813089864,0.008875045491585187,1
-0.4338422684195056,-0.2841177723044182,0.2916897031578569,0.36196136102180954,0
0.4818163240576718,0.8832677985017505,0.705259541315422,0.8875692515526958,1
0.9517209928825432,0.2276531020113036,0.917498469046808,0.5923829255940658,1
0.04529069024461295,-0.5522395469996031,0.5080967153332095,0.2412412459825146,0
0.9838833572140624,0.3073139117228054,0.9320250446947973,0.6282496959204543,1
-0.8199005072764343,-0.6201438965689683,0.11732117249020618,0.2106677466798133,1
0.3633977494441572,-0.31498609935260313,0.6517741580731068,0.34806309409975944,0
-0.5048000391818764,0.2584025109542201,0.25964064687059585,0.6062276503994245,0
-0.5047022392616379,-0.7873415227828365,0.25968481955407974,0.13538808431825544,1
0.9289772122444792,-0.3408386736597125,0.9072259266878395,0.3364231377852669,1
-0.5821259155635811,-0.14678264261902196,0.22471534780901292,0.4237956252228635,0
-1.009921070651582,0.2837600782260241,0.03149576301191531,0.6176447329606933,1
0.40521439578376733,0.3869598300606409,0.6706612234062438,0.6641097615010454,0
0.5177829870732464,0.013754103600475312,0.7215043809583042,0.49607626894784274,0
0.7534094347295766,0.4100117486697887,0.8279283173724642,0.6744887404912316,1
0.18703843744527232,0.9552415505917544,0.5721190412859225,0.9199749733259188,1
0.4815395800319164,0.04959360959857288,0.7051345460574918,0.5122127774129254,0
0.5157399198941139,-0.2339402595916229,0.7205816014752514,0.3845534653518691,0
-0.7836543927083145,-0.5421314723774989,0.13369223028285337,0.2457923419634115,1
-0.2678855833732686,-0.4659671307984126,0.36664632993952384,0.2800848498649884,0
0.34598000087124714,-0.8810759476293785,0.643907191588492,0.09318475874545967,1
-0.5146165108422308,0.18177964656386952,0.2552069019910027,0.5717286955332663,0
0.3793793639012239,0.5080933223556998,0.6589924747675688,0.7186493420390139,0
-0.5976114745130531,-0.7883943331819605,0.21772108142945923,0.13491406316633187,1
0.13056368247368416,0.914160063032542,0.5466114389268368,0.9014782961732648,1
-0.42437936076033866,0.2434114538166147,0.2959637559776028,0.599478022756277,0
0.06364299024506315,1.0381257800882195,0.5163857848656341,0.9572930678041899,1
-0.837107772191958,0.6928180257954113,0.10954927385384311,0.8018204588764786,1
0.438922093107619,-0.05839070048976025,0.6858857700237506,0.4635935321049964,0
-0.27266000986458244,-0.9227156766172404,0.364489894334015,0.07443673695821601,1
0.07031333063300249,0.515292954888179,0.5193985361436326,0.7218909305618021,0
1.0497953926930317,-0.18359232414178026,0.9617951250169042,0.40722230142982585,1
0.12046451279792672,0.4618373898777141,0.5420500095877321,0.6978229041402624,0
0.9386710641941336,0.3118071247137403,0.9116042886831068,0.6302727363459415,1
0.13165857623890545,-0.39096857682337605,0.5471059628039703,0.3138524693503512,0
0.4835841638694824,0.17924646317389006,0.7060580105602539,0.5705881459057636,0
0.4087026646232042,-0.16352272938416626,0.6722367481610251,0.4162585081709067,0
-0.4386540846042722,-0.2435024619407463,0.28951637998137236,0.380248144872294,0
0.9111807907744742,-0.2259411802944565,0.8991879273640717,0.38815499966984895,1
0.5630238819340002,-0.09251924461254812,0.7419380553860704,0.4482273732866369,0
-0.13843721564547595,0.5131762331781552,0.4251134714383118,0.7209378901433924,0
-0.3710476682801199,-0.362528265924256,0.3200517507923982,0.32665753752281973,0
0.8503311687758158,-0.4897998019834871,0.8717043559448896,0.269354342018594,1
-0.18360054916045412,-0.5084736957383669,0.40471482866260805,0.26094654073172163,0
-1.0035093558967951,0.3370659949409828,0.03439170245401235,0.6416453811938353,1
0.43673481538058345,0.08566544514610011,0.6848978558568246,0.5284538907724299,0
0.7758542638827772,0.7127973423202707,0.838065834168163,0.8108160184203816,1
0.14334661457974018,1.0884937006098003,0.5523850265999221,0.9799709020329386,1
-0.11301085443789533,-0.41367504353195217,0.4365976383275304,0.3036290278700332,0
-0.7981597087737592,-0.545595543835729,0.12714070412791278,0.24423266593405027,1
-0.3430671205237977,-0.3158681886090197,0.3326895512807179,0.34766593905097387,0
0.9897729694505716,-0.07683619115674849,0.934685169330197,0.45528856784833893,1
0.06100043335963413,0.3714757712818452,0.5151922375845756,0.6571381630205547,0
-0.03642742568110912,1.0657220582427431,0.4711876006745336,0.9697181156290366,1
-0.16466946323778714,0.9753706193281252,0.4132653148432742,0.9290379578457367,1
-0.026468352011870137,-1.0177672969287832,0.4756857537191566,0.031640352547715134,1
0.8906077910624915,-0.4542912123421,0.8898958481642444,0.28534185750951074,1
1.017388411585644,0.051653538549484096,0.9471580648267093,0.5131402472546027,1
0.9210455012062736,0.3947250953980557,0.9036434599504184,0.6676060225783453,1
0.4492720669798833,0.20467574169239736,0.6905604785389706,0.5820375159974334,0
-0.3689082659068865,0.41904485710661615,0.32101804139516354,0.6785558398191246,0
-0.714512674947904,-0.7239038363204836,0.16492104117267387,0.16395049711098075,1
-0.9588503136787826,0.2611370942729677,0.054562575106895383,0.6074588790573693,1
-0.5999324086461542,-0.7130596928196781,0.21667279950245388,0.16883300339905877,1
-0.7929679283987775,0.6928489433976454,0.12948564337390617,0.801834379329238,1
0.4113261397024938,-0.3589308786308478,0.6734216768810373,0.3282772381547242,0
-0.16932056683380894,0.8720618645432906,0.4111645797251153,0.8825238514238702,1
0.4848211370891925,-0.9497296248887436,0.7066167065835137,0.06227387944054946,1
-0.16460116575413505,-0.5257933480436816,0.4132961623441797,0.2531484780002813,0
-0.7250731428177687,-0.6700781094603905,0.1601512601389018,0.1881851865389887,1
-1.029433568451096,-0.08672524122782838,0.02268267413436409,0.4508360862713865,1
-0.6614994603193671,0.8105219842487511,0.18886519107118832,0.8548159137261317,1
0.8266822340299058,-0.5600453457594766,0.8610229882431951,0.23772673499086988,1
0.1481241039093317,-1.0876302214098386,0.554542845578602,0.00018501741157173068,1
0.2954158748914639,0.4097672658898099,0.6210692063723384,0.6743786636824469,0
-1.0717586751798702,-0.15151157156026773,0.003565955650387087,0.421666455197606,1
0.7064200795258865,-0.794026431292061,0.806704926704394,0.13237824699647066,1
0.9757398220249106,-0.01896785422579955,0.928346904656711,0.4813434166176295,1
0.19148180337671908,0.4198465006802624,0.5741259488213739,0.6789167747135064,0
-0.6272306562123389,0.8005404333279953,0.20434316930984087,0.8503217842329412,1
-0.7630441042746479,0.7018440020942297,0.14300115144836373,0.8058843470048264,1
0.2761509636549528,0.8789014992134749,0.6123679433823312,0.8856033532105121,1
-0.918378348349886,0.32223241353685245,0.0728422967067422,0.6349666559929927,1
0.2926981875995163,0.3385207673007352,0.6198417254064765,0.6423003831489169,0
1.0907072701963634,0.2501756247446401,0.9802735390205349,0.6025235474754275,1
0.09502160466083567,-0.4299918574830879,0.5305583690494746,0.2962824866967353,0
-0.43494382678747856,0.20794504210196765,0.29119216912092816,0.5835094976072449,0
0.021637747359391533,-0.4701934318745845,0.4974135373000881,0.2781819848228403,0
0.12248015594606665,-0.5485417538054277,0.542960402628772,0.24290615372937652,0
-0.5960934081056858,0.06967647537061633,0.21840673706963493,0.5212549593434157,0
-0.4460636453119178,-0.1718607369884745,0.2861697496457257,0.4125043735492971,0
-0.4083661126482216,-0.2404177996039241,0.30319636044887055,0.38163699437018317,0
-0.2685597653172369,0.4684996431576888,0.3663418263617204,0.7008225410899052,0
-0.2477969422218653,1.0760642384847383,0.3757196419119644,0.9743746161687268,1
0.03920945111139307,0.5158708301835375,0.5053500397657154,0.7221511152193644,0
-0.39768900753169617,-0.2685346517659795,0.3080188223045352,0.3689775614263092,0
0.24188894216194856,-0.498473751805957,0.5968930286048937,0.2654489515608288,0
-0.05459169517086978,-0.4254646991905076,0.46298345771683186,0.2983208107772868,0
-0.6567413595002797,0.7707759364914555,0.1910142529615636,0.836920509807249,1
0.9454404951586616,0.03304270634720633,0.9146617955873391,0.504760839028657,1
0.3192066241465499,0.4312672422342672,0.631814626553953,0.6840588905890295,0
-0.4495390714937692,-0.2499414705800191,0.2846000254544544,0.37734902239499535,0
0.021158083737405804,0.973610391322558,0.4971968906065011,0.9282454264388078,1
-0.4793576498311091,0.11998719544933245,0.2711320530918516,0.5439070394384288,0
0.03823669639207119,-0.5601223691143027,0.5049106816740181,0.23769205571774527,0
0.7388370235888484,-0.7485869162308771,0.8213464868009495,0.15283709817240387,1
0.17968475715339058,-0.4639284870815023,0.5687976501111307,0.2810027361661265,0
0.9589433691517038,0.270215303001051,0.9207605549479178,0.6115462845030883,1
-0.3921626973978059,0.9822683498869732,0.31051485653220334,0.9321436169348609,1
0.7349276899586253,-0.7248944129922025,0.819580782323278,0.16350449629698088,1
0.5964305691741775,0.8857663557629096,0.7570266466457487,0.888694210987051,1
0.8127887830617274,-0.5888779882976743,0.8547478194023558,0.22474502200595797,1
0.00010982517200193095,0.5020354622693523,0.4876901541875889,0.7159218292611083,0
0.053429033840517816,0.4504061384296221,0.5117725105165688,0.692676056252113,0
-0.9107630666965676,0.5340335694193308,0.07628184374617619,0.7303287724516662,1
0.28799558258524394,0.4799905725896412,0.617717728962114,0.7059962586087852,0
0.690561198058947,0.5642520539004244,0.7995420440584742,0.7439344519121203,1
0.8683599965875453,-0.5651707089765249,0.8798473247997944,0.23541907296721049,1
0.2270308803143456,-0.5092984401861166,0.5901821799500208,0.26057520481645124,0
0.07009169284688628,0.5614754951149143,0.5192984303792278,0.7426843240686014,0
-0.7618795552036065,0.5844582618575327,0.14352713610552092,0.7530321678729487,1
0.3568282826556559,0.90399899162759,0.6488069677482153,0.8969033387296823,1
0.7049403794315087,-0.6959966621352182,0.8060365997388839,0.17651552388620967,1
