year,Team,Wins,Losses,Runs Scored,Runs Allowed,Scoring ratio,Predicted winning %,Actual winning %,Absolute error
2006,Diamondbacks,76,86,773,788,0.980964467,0.490391662,0.469135802,0.02125586
2006,Braves,79,83,849,805,1.054658385,0.526583364,0.487654321,0.038929043
2006,Orioles,70,92,768,899,0.854282536,0.421898035,0.432098765,0.010200731
2006,Red Sox,86,76,820,825,0.993939394,0.496960514,0.530864198,0.033903683
2006,White Sox,90,72,868,794,1.093198992,0.544436576,0.555555556,0.01111898
2006,Cubs,66,96,716,834,0.858513189,0.424309641,0.407407407,0.016902234
2006,Reds,80,82,749,801,0.935081149,0.466489329,0.49382716,0.027337832
2006,Indians,78,84,870,782,1.112531969,0.553118039,0.481481481,0.071636558
2006,Rockies,76,86,813,812,1.001231527,0.500615384,0.469135802,0.031479582
2006,Tigers,95,67,822,675,1.217777778,0.597258574,0.586419753,0.010838821
2006,Marlins,78,84,758,772,0.981865285,0.490850439,0.481481481,0.009368958
2006,Astros,82,80,735,719,1.022253129,0.511002794,0.50617284,0.004829955
2006,Royals,62,100,757,971,0.779608651,0.378028089,0.382716049,0.00468796
2006,Angels,89,73,766,732,1.046448087,0.522685243,0.549382716,0.026697473
2006,Dodgers,88,74,820,751,1.091877497,0.543836506,0.543209877,0.00062663
2006,Brewers,75,87,730,833,0.87635054,0.434386027,0.462962963,0.028576936
2006,Twins,96,66,801,683,1.172767204,0.579015242,0.592592593,0.01357735
2006,Yankees,97,65,930,767,1.212516297,0.595173787,0.598765432,0.003591645
2006,Angels,97,65,834,731,1.140902873,0.565530845,0.598765432,0.033234587
2006,Athletics,93,69,771,727,1.060522696,0.529347178,0.574074074,0.044726897
2006,Phillies,85,77,865,812,1.065270936,0.53157252,0.524691358,0.006881162
2006,Pirates,67,95,691,797,0.867001255,0.429123116,0.413580247,0.015542869
2006,Padres,88,74,731,679,1.076583211,0.536829341,0.543209877,0.006380535
2006,Mariners,78,84,756,792,0.954545455,0.476756757,0.481481481,0.004724725
2006,Giants,76,85,746,790,0.944303797,0.471377654,0.472049689,0.000672036
2006,Cardinals,83,78,781,762,1.024934383,0.512311808,0.51552795,0.003216142
2006,Rays,61,101,689,856,0.804906542,0.393157686,0.37654321,0.016614476
2006,Rangers,80,82,835,784,1.06505102,0.531469699,0.49382716,0.037642538
2006,Blue Jays,87,75,809,754,1.072944297,0.535145221,0.537037037,0.001891816
2006,Natronals,71,91,746,872,0.855504587,0.422595489,0.438271605,0.015676116
2005,Diamondbacks,77,85,696,856,0.813084112,0.397991377,0.475308642,0.077317265
2005,Braves,90,72,769,674,1.140949555,0.565550951,0.555555556,0.009995396
2005,Orioles,74,88,729,800,0.91125,0.453664333,0.456790123,0.00312579
2005,Red Sox,95,67,910,805,1.130434783,0.560995851,0.586419753,0.025423902
2005,White Sox,99,63,741,645,1.148837209,0.568933361,0.611111111,0.04217775
2005,Cubs,79,83,703,714,0.984593838,0.492237588,0.487654321,0.004583267
2005,Reds,73,89,820,889,0.922384702,0.459691219,0.450617284,0.009073935
2005,Indians,93,69,790,642,1.230529595,0.602259656,0.574074074,0.028185582
2005,Rockies,67,95,740,862,0.858468677,0.424284311,0.413580247,0.010704064
2005,Tigers,71,91,723,787,0.918678526,0.457691897,0.438271605,0.019420292
2005,Marlins,83,79,717,732,0.979508197,0.489649142,0.512345679,0.022696537
2005,Astros,89,73,693,609,1.137931034,0.564248705,0.549382716,0.014865989
2005,Royals,56,106,701,935,0.74973262,0.359835709,0.345679012,0.014156697
2005,Angels,95,67,761,643,1.183514774,0.583456079,0.586419753,0.002963674
2005,Dodgers,71,91,685,755,0.907284768,0.451503488,0.438271605,0.013231883
2005,Brewers,81,81,726,697,1.041606887,0.520371019,0.5,0.020371019
2005,Twins,83,79,688,662,1.039274924,0.519252118,0.512345679,0.006906439
2005,Yankees,95,67,886,789,1.122940431,0.557716887,0.586419753,0.028702866
2005,Angels,83,79,722,648,1.114197531,0.553857465,0.512345679,0.041511786
2005,Athletics,88,74,772,658,1.17325228,0.579216831,0.543209877,0.036006955
2005,Phillies,88,74,807,726,1.111570248,0.552690472,0.543209877,0.009480595
2005,Pirates,67,95,680,769,0.88426528,0.43880918,0.413580247,0.025228933
2005,Padres,82,80,684,726,0.94214876,0.470239172,0.50617284,0.035933667
2005,Mariners,69,93,699,751,0.930758988,0.464183994,0.425925926,0.038258068
2005,Giants,75,87,649,745,0.87114094,0.431458494,0.462962963,0.031504469
2005,Cardinals,100,62,805,634,1.269716088,0.617177835,0.617283951,0.000106116
2005,Rays,67,95,750,936,0.801282051,0.391006231,0.413580247,0.022574016
2005,Rangers,79,83,865,858,1.008158508,0.504062614,0.487654321,0.016408293
2005,Blue Jays,80,82,775,705,1.09929078,0.547191728,0.49382716,0.053364567
2005,Natronals,81,81,639,673,0.949479941,0.474102758,0.5,0.025897242
2004,Angels,92,70,836,734,1.138964578,0.564695084,0.567901235,0.003206151
2004,Diamondbacks,51,111,615,899,0.684093437,0.318793587,0.314814815,0.003978772
2004,Braves,96,66,803,668,1.202095808,0.591007788,0.592592593,0.001584805
2004,Orioles,78,84,842,830,1.014457831,0.507176664,0.481481481,0.025695182
2004,Red Sox,98,64,949,768,1.235677083,0.604257846,0.604938272,0.000680426
2004,White Sox,83,79,865,831,1.040914561,0.520039116,0.512345679,0.007693437
2004,Cubs,89,73,789,665,1.186466165,0.584666202,0.549382716,0.035283486
2004,Reds,76,86,750,907,0.826901874,0.406093496,0.469135802,0.063042306
2004,Indians,80,82,858,857,1.001166861,0.50058309,0.49382716,0.00675593
2004,Rockies,68,94,833,923,0.902491874,0.448881434,0.419753086,0.029128347
2004,Tigers,72,90,827,844,0.97985782,0.489827504,0.444444444,0.04538306
2004,Marlins,83,79,718,700,1.025714286,0.51269189,0.512345679,0.000346211
2004,Astros,92,70,803,698,1.150429799,0.569612716,0.567901235,0.001711482
2004,Royals,58,104,720,905,0.79558011,0.38761052,0.358024691,0.029585829
2004,Dodgers,93,69,761,684,1.112573099,0.553136315,0.574074074,0.020937759
2004,Brewers,67,94,634,757,0.837516513,0.41226045,0.416149068,0.003888618
2004,Twins,92,70,780,715,1.090909091,0.543396226,0.567901235,0.024505008
2004,Expos,67,95,635,769,0.825747724,0.405419944,0.413580247,0.008160303
2004,Yankees,101,61,897,808,1.110148515,0.552057568,0.62345679,0.071399222
2004,Angels,71,91,684,731,0.935704514,0.466821058,0.438271605,0.028549453
2004,Athletics,91,71,793,742,1.068733154,0.53318812,0.561728395,0.028540275
2004,Phillies,86,76,840,781,1.075544174,0.536349132,0.530864198,0.005484934
2004,Pirates,72,89,680,744,0.913978495,0.455146781,0.447204969,0.007941812
2004,Padres,87,75,768,705,1.089361702,0.542691763,0.537037037,0.005654726
2004,Mariners,63,99,698,823,0.848116646,0.418368565,0.388888889,0.029479676
2004,Giants,91,71,850,770,1.103896104,0.549262582,0.561728395,0.012465813
2004,Cardinals,105,57,855,659,1.297420334,0.627324497,0.648148148,0.020823651
2004,Rays,70,91,714,842,0.847980998,0.418290722,0.434782609,0.016491887
2004,Rangers,89,73,860,794,1.083123426,0.539839829,0.549382716,0.009542887
2004,Blue Jays,67,94,719,823,0.87363305,0.432860528,0.416149068,0.01671146
2003,Angels,77,85,736,743,0.990578735,0.495267178,0.475308642,0.019958536
2003,Diamondbacks,84,78,717,685,1.046715328,0.522812652,0.518518519,0.004294133
2003,Braves,101,61,907,740,1.225675676,0.600364605,0.62345679,0.023092185
2003,Orioles,71,91,743,820,0.906097561,0.450855038,0.438271605,0.012583433
2003,Red Sox,95,67,961,809,1.187886279,0.58524704,0.586419753,0.001172713
2003,White Sox,86,76,791,715,1.106293706,0.550336615,0.530864198,0.019472418
2003,Cubs,88,74,724,683,1.060029283,0.529115291,0.543209877,0.014094585
2003,Reds,69,93,694,886,0.783295711,0.380249354,0.425925926,0.045676572
2003,Indians,68,94,699,778,0.898457584,0.446665783,0.419753086,0.026912697
2003,Rockies,74,88,853,892,0.956278027,0.477661588,0.456790123,0.020871464
2003,Tigers,43,119,591,928,0.636853448,0.288551094,0.265432099,0.023118995
2003,Marlins,91,71,751,692,1.085260116,0.540818802,0.561728395,0.020909593
2003,Astros,87,75,805,677,1.189069424,0.585730245,0.537037037,0.048693208
2003,Royals,83,79,836,867,0.964244521,0.481802859,0.512345679,0.03054282
2003,Dodgers,85,77,574,556,1.032374101,0.515925163,0.524691358,0.008766195
2003,Brewers,68,94,714,873,0.817869416,0.400806651,0.419753086,0.018946435
2003,Twins,90,72,801,758,1.056728232,0.527560816,0.555555556,0.027994739
2003,Expos,83,79,711,716,0.99301676,0.496496189,0.512345679,0.01584949
2003,Yankees,101,61,877,716,1.224860335,0.600045249,0.62345679,0.023411541
2003,Angels,66,95,642,754,0.851458886,0.420283885,0.409937888,0.010345996
2003,Athletics,96,66,768,643,1.194401244,0.587899804,0.592592593,0.004692789
2003,Phillies,86,76,791,697,1.134863702,0.562920944,0.530864198,0.032056746
2003,Pirates,75,87,753,801,0.940074906,0.46914141,0.462962963,0.006178447
2003,Padres,64,98,678,831,0.815884477,0.399640077,0.395061728,0.004578348
2003,Mariners,93,69,795,637,1.248037677,0.609008146,0.574074074,0.034934072
2003,Giants,100,61,755,638,1.18338558,0.583403015,0.621118012,0.037714998
2003,Cardinals,85,77,876,796,1.100502513,0.547737603,0.524691358,0.023046245
2003,Rays,63,99,715,852,0.839201878,0.413234998,0.388888889,0.024346109
2003,Rangers,71,91,826,969,0.852425181,0.420836682,0.438271605,0.017434923
2003,Blue Jays,86,76,894,826,1.082324455,0.539473187,0.530864198,0.008608989
2002,Angels,99,63,851,644,1.321428571,0.635856944,0.611111111,0.024745833
2002,Diamondbacks,98,64,819,674,1.215133531,0.596212391,0.604938272,0.00872588
2002,Braves,101,59,708,565,1.253097345,0.610933236,0.63125,0.020316764
2002,Orioles,67,95,667,773,0.862871928,0.426785608,0.413580247,0.013205361
2002,Red Sox,93,69,859,665,1.291729323,0.625266713,0.574074074,0.051192639
2002,White Sox,81,81,856,798,1.072681704,0.535023439,0.5,0.035023439
2002,Cubs,67,95,706,759,0.930171278,0.463869813,0.413580247,0.050289566
2002,Reds,78,84,709,774,0.916020672,0.456253965,0.481481481,0.025227516
2002,Indians,74,88,739,837,0.882915173,0.438056774,0.456790123,0.018733349
2002,Rockies,73,89,778,898,0.86636971,0.42876613,0.450617284,0.021851154
2002,Tigers,55,106,575,864,0.665509259,0.306952515,0.341614907,0.034662392
2002,Marlins,79,83,699,763,0.916120577,0.456308077,0.487654321,0.031346244
2002,Astros,84,78,749,695,1.077697842,0.537343898,0.518518519,0.018825379
2002,Royals,62,100,737,891,0.827160494,0.406244344,0.382716049,0.023528295
2002,Dodgers,92,70,713,643,1.108864697,0.551485217,0.567901235,0.016416017
2002,Brewers,56,106,627,821,0.763702801,0.368384606,0.345679012,0.022705594
2002,Twins,94,67,768,712,1.078651685,0.537783743,0.583850932,0.046067189
2002,Expos,83,79,735,718,1.02367688,0.51169833,0.512345679,0.000647349
2002,Yankees,103,58,897,697,1.286944046,0.623525865,0.639751553,0.016225688
2002,Angels,75,86,690,703,0.981507824,0.490668437,0.465838509,0.024829927
2002,Athletics,103,59,800,654,1.22324159,0.59941033,0.635802469,0.036392139
2002,Phillies,80,81,710,724,0.980662983,0.490238029,0.49689441,0.00665638
2002,Pirates,72,89,641,730,0.878082192,0.435356296,0.447204969,0.011848673
2002,Padres,66,96,662,815,0.812269939,0.397511404,0.407407407,0.009896003
2002,Mariners,93,69,814,699,1.164520744,0.57557134,0.574074074,0.001497266
2002,Giants,95,66,783,616,1.271103896,0.617693908,0.590062112,0.027631796
2002,Cardinals,97,65,787,648,1.214506173,0.595963717,0.598765432,0.002801715
2002,Rays,55,106,673,918,0.733115468,0.349575851,0.341614907,0.007960944
2002,Rangers,72,90,843,882,0.955782313,0.477402855,0.444444444,0.032958411
2002,Blue Jays,78,84,813,828,0.981884058,0.490859996,0.481481481,0.009378514
2001,Angels,75,87,691,730,0.946575342,0.472575197,0.462962963,0.009612234
2001,Diamondbacks,92,70,818,677,1.208271787,0.593482833,0.567901235,0.025581598
2001,Braves,88,74,729,643,1.133748056,0.562436897,0.543209877,0.019227021
2001,Orioles,63,98,687,829,0.828709288,0.407147109,0.391304348,0.015842761
2001,Red Sox,82,79,772,745,1.036241611,0.51779265,0.50931677,0.00847588
2001,White Sox,83,79,798,795,1.003773585,0.501883232,0.512345679,0.010462447
2001,Cubs,88,74,777,701,1.108416548,0.551285236,0.543209877,0.008075359
2001,Reds,66,96,735,850,0.864705882,0.427824744,0.407407407,0.020417337
2001,Indians,91,71,897,821,1.092570037,0.544151084,0.561728395,0.017577311
2001,Rockies,73,89,923,906,1.018763797,0.509293894,0.450617284,0.05867661
2001,Tigers,66,96,724,876,0.826484018,0.405849706,0.407407407,0.001557701
2001,Marlins,76,86,742,744,0.997311828,0.498654107,0.469135802,0.029518305
2001,Astros,93,69,847,769,1.101430429,0.548155138,0.574074074,0.025918936
2001,Royals,65,97,729,858,0.84965035,0.41924811,0.401234568,0.018013542
2001,Dodgers,86,76,758,744,1.018817204,0.509320096,0.530864198,0.021544102
2001,Brewers,68,94,740,806,0.918114144,0.457386848,0.419753086,0.037633761
2001,Twins,85,77,771,766,1.006527415,0.503253056,0.524691358,0.021438302
2001,Expos,68,94,670,812,0.825123153,0.405055204,0.419753086,0.014697882
2001,Yankees,95,65,804,713,1.127629734,0.559771732,0.59375,0.033978268
2001,Angels,82,80,642,713,0.900420757,0.447744948,0.50617284,0.058427892
2001,Athletics,102,60,884,645,1.370542636,0.652583214,0.62962963,0.022953585
2001,Phillies,86,76,746,719,1.037552156,0.518423776,0.530864198,0.012440421
2001,Pirates,62,100,657,858,0.765734266,0.369621677,0.382716049,0.013094372
2001,Padres,79,83,789,812,0.971674877,0.485636943,0.487654321,0.002017378
2001,Mariners,116,46,927,627,1.4784689,0.686114025,0.716049383,0.029935357
2001,Giants,90,72,799,748,1.068181818,0.532931242,0.555555556,0.022624313
2001,Cardinals,93,69,814,684,1.19005848,0.586133688,0.574074074,0.012059614
2001,Rays,62,100,672,887,0.757609921,0.364665003,0.382716049,0.018051047
2001,Rangers,73,89,890,968,0.919421488,0.458093231,0.450617284,0.007475947
2001,Blue Jays,80,82,767,753,1.018592297,0.509209745,0.49382716,0.015382585
2000,Angels,82,80,864,869,0.99424626,0.497114854,0.50617284,0.009057986
2000,Diamondbacks,85,77,792,754,1.050397878,0.524564719,0.524691358,0.000126639
2000,Braves,95,67,810,714,1.134453782,0.562743161,0.586419753,0.023676592
2000,Orioles,74,88,794,913,0.86966046,0.430624212,0.456790123,0.026165911
2000,Red Sox,85,77,792,745,1.063087248,0.530550483,0.524691358,0.005859125
2000,White Sox,95,67,978,839,1.165673421,0.576054637,0.586419753,0.010365116
2000,Cubs,65,97,764,904,0.845132743,0.416654294,0.401234568,0.015419726
2000,Reds,85,77,825,765,1.078431373,0.53768219,0.524691358,0.012990832
2000,Indians,90,72,950,816,1.164215686,0.57544333,0.555555556,0.019887775
2000,Rockies,82,80,968,897,1.079152731,0.53801461,0.50617284,0.031841771
2000,Tigers,79,83,823,827,0.995163241,0.497575772,0.487654321,0.009921451
2000,Marlins,79,82,731,797,0.91718946,0.456886719,0.49068323,0.033796511
2000,Astros,72,90,938,944,0.993644068,0.496811935,0.444444444,0.05236749
2000,Royals,77,85,879,930,0.94516129,0.471830018,0.475308642,0.003478624
2000,Dodgers,86,76,798,729,1.094650206,0.545094565,0.530864198,0.014230367
2000,Brewers,73,89,740,826,0.895883777,0.445248139,0.450617284,0.005369145
2000,Twins,69,93,748,880,0.85,0.419448476,0.425925926,0.00647745
2000,Expos,67,95,738,902,0.818181818,0.400990099,0.413580247,0.012590148
2000,Yankees,87,74,871,814,1.07002457,0.533789227,0.540372671,0.006583444
2000,Angels,94,68,807,738,1.093495935,0.544571295,0.580246914,0.035675618
2000,Athletics,91,70,947,813,1.164821648,0.575697564,0.565217391,0.010480173
2000,Phillies,65,97,708,830,0.853012048,0.421172208,0.401234568,0.01993764
2000,Pirates,69,93,793,888,0.893018018,0.443665942,0.425925926,0.017740016
2000,Padres,76,86,752,815,0.922699387,0.459860668,0.469135802,0.009275134
2000,Mariners,91,71,907,780,1.162820513,0.574857325,0.561728395,0.01312893
2000,Giants,97,65,925,747,1.238286479,0.605266285,0.598765432,0.006500853
2000,Cardinals,95,67,887,771,1.150453956,0.569623012,0.586419753,0.016796741
2000,Rays,69,92,733,842,0.870546318,0.431123536,0.428571429,0.002552107
2000,Rangers,71,91,848,974,0.87063655,0.431174376,0.438271605,0.007097229
2000,Blue Jays,83,79,861,908,0.948237885,0.473450059,0.512345679,0.03889562
1999,Angels,70,92,711,826,0.860774818,0.425595451,0.432098765,0.006503314
1999,Diamondbacks,100,62,908,676,1.343195266,0.643388688,0.617283951,0.026104737
1999,Braves,103,59,840,661,1.270801815,0.617581646,0.635802469,0.018220823
1999,Orioles,78,84,851,815,1.044171779,0.521598558,0.481481481,0.040117077
1999,Red Sox,94,68,836,718,1.164345404,0.575497768,0.580246914,0.004749145
1999,White Sox,75,86,777,870,0.893103448,0.443713165,0.465838509,0.022125344
1999,Cubs,67,95,747,920,0.811956522,0.397326562,0.413580247,0.016253685
1999,Reds,96,67,865,711,1.216596343,0.596791535,0.588957055,0.00783448
1999,Indians,97,65,1009,860,1.173255814,0.5792183,0.598765432,0.019547133
1999,Rockies,72,90,906,1028,0.881322957,0.43716833,0.444444444,0.007276114
1999,Tigers,69,92,747,882,0.846938776,0.417692354,0.428571429,0.010879074
1999,Marlins,64,98,691,852,0.811032864,0.396781579,0.395061728,0.00171985
1999,Astros,97,65,823,675,1.219259259,0.597843337,0.598765432,0.000922095
1999,Royals,64,97,856,921,0.929424539,0.463470373,0.397515528,0.065954845
1999,Dodgers,77,85,793,787,1.007623888,0.503797414,0.475308642,0.028488772
1999,Brewers,74,87,815,886,0.91986456,0.458332442,0.459627329,0.001294887
1999,Twins,63,97,686,845,0.81183432,0.397254481,0.39375,0.003504481
1999,Expos,68,94,718,853,0.841735053,0.414697382,0.419753086,0.005055705
1999,Yankees,98,64,900,731,1.23119015,0.602516735,0.604938272,0.002421537
1999,Angels,97,66,853,711,1.199718706,0.590050522,0.595092025,0.005041503
1999,Athletics,87,75,893,846,1.055555556,0.527007299,0.537037037,0.010029738
1999,Phillies,77,85,841,846,0.994089835,0.497036185,0.475308642,0.021727543
1999,Pirates,78,83,775,782,0.991048593,0.495504266,0.48447205,0.011032216
1999,Padres,74,88,710,781,0.909090909,0.452488688,0.456790123,0.004301436
1999,Mariners,79,83,859,905,0.949171271,0.473940623,0.487654321,0.013713698
1999,Giants,86,76,872,831,1.049338147,0.524061215,0.530864198,0.006802982
1999,Cardinals,75,86,809,838,0.965393795,0.482397686,0.465838509,0.016559176
1999,Rays,69,93,772,913,0.845564074,0.416902346,0.425925926,0.00902358
1999,Rangers,95,67,945,859,1.100116414,0.547563747,0.586419753,0.038856006
1999,Blue Jays,84,78,883,862,1.024361949,0.512032641,0.518518519,0.006485877
1998,Angels,85,77,787,783,1.005108557,0.502547754,0.524691358,0.022143604
1998,Diamondbacks,65,97,665,812,0.818965517,0.401450113,0.401234568,0.000215546
1998,Braves,106,56,826,581,1.421686747,0.669004949,0.654320988,0.014683961
1998,Orioles,79,83,817,785,1.040764331,0.519967064,0.487654321,0.032312743
1998,Red Sox,92,70,876,729,1.201646091,0.590826883,0.567901235,0.022925649
1998,White Sox,80,82,861,931,0.92481203,0.460997014,0.49382716,0.032830147
1998,Cubs,90,73,831,792,1.049242424,0.524015708,0.552147239,0.028131532
1998,Reds,77,85,750,760,0.986842105,0.493377774,0.475308642,0.018069132
1998,Indians,89,73,850,779,1.09114249,0.543502382,0.549382716,0.005880334
1998,Rockies,77,85,826,855,0.966081871,0.482753497,0.475308642,0.007444855
1998,Tigers,65,97,722,863,0.836616454,0.411739477,0.401234568,0.010504909
1998,Marlins,54,108,667,923,0.722643554,0.343062018,0.333333333,0.009728685
1998,Astros,102,60,874,620,1.409677419,0.665237277,0.62962963,0.035607648
1998,Royals,72,89,714,899,0.794215795,0.386796025,0.447204969,0.060408944
1998,Dodgers,83,79,669,678,0.986725664,0.493318784,0.512345679,0.019026895
1998,Brewers,74,88,707,812,0.870689655,0.431204295,0.456790123,0.025585829
1998,Twins,70,92,734,818,0.897310513,0.446034374,0.432098765,0.013935609
1998,Expos,65,97,644,783,0.82247765,0.403508379,0.401234568,0.002273811
1998,Yankees,114,48,965,656,1.471036585,0.683939243,0.703703704,0.01976446
1998,Angels,88,74,706,645,1.094573643,0.545059877,0.543209877,0.00185
1998,Athletics,74,88,804,866,0.928406467,0.462925352,0.456790123,0.006135229
1998,Phillies,75,87,713,808,0.882425743,0.437783804,0.462962963,0.025179159
1998,Pirates,69,93,650,718,0.905292479,0.450414915,0.425925926,0.024488989
1998,Padres,98,64,749,635,1.179527559,0.581814844,0.604938272,0.023123427
1998,Mariners,76,85,859,855,1.004678363,0.50233371,0.472049689,0.03028402
1998,Giants,89,74,845,739,1.143437077,0.566620852,0.54601227,0.020608582
1998,Cardinals,83,79,810,782,1.035805627,0.517582501,0.512345679,0.005236822
1998,Rays,63,99,620,751,0.825565912,0.405313786,0.388888889,0.016424897
1998,Rangers,88,74,940,871,1.079219288,0.538045269,0.543209877,0.005164608
1998,Blue Jays,88,74,816,768,1.0625,0.530275229,0.543209877,0.012934647
1997,Angels,84,78,829,794,1.044080605,0.521554979,0.518518519,0.00303646
1997,Braves,101,61,791,581,1.361445783,0.649557432,0.62345679,0.026100642
1997,Orioles,98,64,812,681,1.19236417,0.587072446,0.604938272,0.017865825
1997,Red Sox,78,84,851,857,0.992998833,0.496487163,0.481481481,0.015005681
1997,White Sox,80,81,779,833,0.93517407,0.46653879,0.49689441,0.03035562
1997,Cubs,68,94,687,759,0.90513834,0.450330614,0.419753086,0.030577528
1997,Reds,76,86,651,764,0.852094241,0.420647406,0.469135802,0.048488396
1997,Indians,86,75,868,815,1.065030675,0.531460185,0.534161491,0.002701306
1997,Rockies,83,79,923,908,1.016519824,0.508191695,0.512345679,0.004153984
1997,Tigers,79,83,784,790,0.992405063,0.496188111,0.487654321,0.00853379
1997,Marlins,92,70,740,669,1.10612855,0.550262721,0.567901235,0.017638513
1997,Astros,84,78,777,660,1.177272727,0.580883435,0.518518519,0.062364917
1997,Royals,67,94,747,820,0.91097561,0.453515051,0.416149068,0.037365982
1997,Dodgers,88,74,742,645,1.150387597,0.56959473,0.543209877,0.026384853
1997,Twins,68,94,772,861,0.896631823,0.445660489,0.419753086,0.025907402
1997,Brewers,78,83,681,742,0.917789757,0.457211446,0.48447205,0.027260604
1997,Expos,78,84,691,740,0.933783784,0.465798313,0.481481481,0.015683169
1997,Yankees,96,66,891,688,1.29505814,0.626472016,0.592592593,0.033879423
1997,Angels,88,74,777,709,1.095909732,0.545664808,0.543209877,0.002454931
1997,Athletics,65,97,764,946,0.807610994,0.39475941,0.401234568,0.006475158
1997,Phillies,68,94,668,840,0.795238095,0.387406409,0.419753086,0.032346677
1997,Pirates,79,83,725,760,0.953947368,0.476444062,0.487654321,0.011210259
1997,Padres,76,86,795,891,0.892255892,0.443244506,0.469135802,0.025891297
1997,Mariners,90,72,925,833,1.110444178,0.552189267,0.555555556,0.003366288
1997,Giants,90,72,784,793,0.988650694,0.494293147,0.555555556,0.061262408
1997,Cardinals,73,89,689,708,0.973163842,0.486401943,0.450617284,0.035784659
1997,Rangers,77,85,807,823,0.980558931,0.490184995,0.475308642,0.014876353
1997,Blue Jays,76,86,654,694,0.942363112,0.470352515,0.469135802,0.001216712
1996,Braves,96,66,773,648,1.192901235,0.58729076,0.592592593,0.005301832
1996,Orioles,88,74,949,903,1.050941307,0.524822699,0.543209877,0.018387177
1996,Red Sox,85,77,928,921,1.007600434,0.503785776,0.524691358,0.020905582
1996,Angels,70,91,762,943,0.808059385,0.395024672,0.434782609,0.039757937
1996,White Sox,85,77,898,794,1.130982368,0.561234375,0.524691358,0.036543017
1996,Cubs,76,86,772,771,1.001297017,0.500648088,0.469135802,0.031512285
1996,Reds,81,81,778,773,1.006468305,0.503223693,0.5,0.003223693
1996,Indians,99,62,952,769,1.237971391,0.605144675,0.614906832,0.009762157
1996,Rockies,83,79,961,964,0.996887967,0.498441562,0.512345679,0.013904117
1996,Tigers,53,109,783,1103,0.70988214,0.335076608,0.327160494,0.007916114
1996,Marlins,80,82,688,703,0.978662873,0.489217645,0.49382716,0.004609516
1996,Astros,82,80,753,792,0.950757576,0.474773356,0.50617284,0.031399484
1996,Royals,75,86,746,786,0.949109415,0.473908127,0.465838509,0.008069617
1996,Dodgers,90,72,703,652,1.078220859,0.537585132,0.555555556,0.017970424
1996,Twins,78,84,877,900,0.974444444,0.487059005,0.481481481,0.005577524
1996,Brewers,80,82,894,899,0.994438265,0.497211399,0.49382716,0.003384239
1996,Expos,88,74,741,668,1.109281437,0.551671096,0.543209877,0.008461219
1996,Yankees,92,70,871,787,1.106734435,0.550533741,0.567901235,0.017367494
1996,Angels,71,91,746,779,0.957637997,0.478370784,0.438271605,0.040099179
1996,Athletics,78,84,861,900,0.956666667,0.477864349,0.481481481,0.003617132
1996,Phillies,67,95,650,790,0.82278481,0.403688133,0.413580247,0.009892114
1996,Pirates,73,89,776,833,0.931572629,0.464618673,0.450617284,0.014001389
1996,Padres,91,71,771,682,1.130498534,0.561023628,0.561728395,0.000704767
1996,Mariners,85,76,993,895,1.109497207,0.551767302,0.527950311,0.023816992
1996,Giants,68,94,752,862,0.872389791,0.432161449,0.419753086,0.012408363
1996,Cardinals,88,74,759,706,1.075070822,0.536130187,0.543209877,0.00707969
1996,Rangers,90,72,928,799,1.161451815,0.574281551,0.555555556,0.018725996
1996,Blue Jays,74,88,766,809,0.94684796,0.472718748,0.456790123,0.015928624
1995,Braves,90,54,645,540,1.194444444,0.587917329,0.625,0.037082671
1995,Orioles,71,73,704,640,1.1,0.547511312,0.493055556,0.054455757
1995,Red Sox,86,58,791,698,1.133237822,0.562215323,0.597222222,0.035006899
1995,Angels,78,67,801,697,1.149210904,0.569092877,0.537931034,0.031161842
1995,White Sox,68,76,755,758,0.996042216,0.498017192,0.472222222,0.02579497
1995,Cubs,73,71,693,671,1.032786885,0.516124837,0.506944444,0.009180393
1995,Reds,85,59,747,623,1.199036918,0.589775487,0.590277778,0.00050229
1995,Indians,100,44,840,607,1.383855025,0.656953267,0.694444444,0.037491177
1995,Rockies,77,67,785,783,1.002554278,0.501275508,0.534722222,0.033446714
1995,Tigers,60,84,654,844,0.774881517,0.375172361,0.416666667,0.041494306
1995,Marlins,67,76,673,673,1,0.5,0.468531469,0.031468531
1995,Astros,76,68,747,674,1.108308605,0.551237053,0.527777778,0.023459275
1995,Royals,70,74,629,691,0.910274964,0.453133697,0.486111111,0.032977414
1995,Dodgers,78,66,634,609,1.041050903,0.520104498,0.541666667,0.021562169
1995,Twins,56,88,703,889,0.790776153,0.384739165,0.388888889,0.004149724
1995,Brewers,65,79,740,747,0.990629183,0.49529264,0.451388889,0.043903751
1995,Expos,66,78,621,638,0.973354232,0.486499681,0.458333333,0.028166348
1995,Yankees,79,65,749,688,1.088662791,0.542373193,0.548611111,0.006237918
1995,Angels,69,75,657,618,1.063106796,0.530559642,0.479166667,0.051392976
1995,Athletics,67,77,730,761,0.959264126,0.479217569,0.465277778,0.013939791
1995,Phillies,69,75,615,658,0.934650456,0.466260021,0.479166667,0.012906646
1995,Pirates,58,86,629,736,0.854619565,0.422090454,0.402777778,0.019312676
1995,Padres,70,74,668,672,0.994047619,0.497014952,0.486111111,0.010903841
1995,Mariners,79,66,796,708,1.124293785,0.558311011,0.544827586,0.013483425
1995,Giants,67,77,652,776,0.840206186,0.413815123,0.465277778,0.051462654
1995,Cardinals,62,81,563,658,0.8556231,0.422663091,0.433566434,0.010903342
1995,Rangers,74,70,691,720,0.959722222,0.479455879,0.513888889,0.03443301
1995,Blue Jays,56,88,642,777,0.826254826,0.405715956,0.388888889,0.016827067
1994,Braves,68,46,542,448,1.209821429,0.594101135,0.596491228,0.002390093
1994,Orioles,63,49,589,497,1.185110664,0.584110922,0.5625,0.021610922
1994,Red Sox,54,61,552,621,0.888888889,0.44137931,0.469565217,0.028185907
1994,Angels,47,68,543,660,0.822727273,0.403654465,0.408695652,0.005041188
1994,White Sox,67,46,633,498,1.271084337,0.617686641,0.592920354,0.024766287
1994,Cubs,49,64,500,549,0.910746812,0.453390545,0.433628319,0.019762227
1994,Reds,66,48,609,490,1.242857143,0.607025423,0.578947368,0.028078055
1994,Indians,66,47,679,562,1.208185053,0.593448194,0.584070796,0.009377397
1994,Rockies,53,64,573,638,0.898119122,0.446479542,0.452991453,0.006511911
1994,Tigers,53,62,652,671,0.971684054,0.485641661,0.460869565,0.024772096
1994,Marlins,51,64,468,576,0.8125,0.397647059,0.443478261,0.045831202
1994,Astros,66,49,602,503,1.196819085,0.588879338,0.573913043,0.014966294
1994,Royals,64,51,574,532,1.078947368,0.53792,0.556521739,0.018601739
1994,Dodgers,58,56,532,509,1.04518664,0.52208336,0.50877193,0.01331143
1994,Twins,53,60,594,688,0.863372093,0.427069162,0.469026549,0.041957387
1994,Brewers,53,62,547,586,0.933447099,0.465618848,0.460869565,0.004749283
1994,Expos,74,40,585,454,1.288546256,0.624109815,0.649122807,0.025012992
1994,Yankees,70,43,670,534,1.254681648,0.611533725,0.619469027,0.007935302
1994,Angels,55,58,506,526,0.961977186,0.480627431,0.486725664,0.006098233
1994,Athletics,51,63,549,589,0.932088285,0.464893988,0.447368421,0.017525567
1994,Phillies,54,61,521,497,1.048289738,0.523562542,0.469565217,0.053997325
1994,Pirates,53,61,466,580,0.803448276,0.39229274,0.464912281,0.072619541
1994,Padres,47,70,479,531,0.902071563,0.448650963,0.401709402,0.046941562
1994,Mariners,49,63,569,616,0.923701299,0.460399848,0.4375,0.022899848
1994,Giants,55,60,504,500,1.008,0.503984001,0.47826087,0.025723131
1994,Cardinals,53,61,535,621,0.861513688,0.426015009,0.464912281,0.038897272
1994,Rangers,52,62,613,697,0.879483501,0.436140431,0.456140351,0.01999992
1994,Blue Jays,55,60,566,579,0.977547496,0.488647752,0.47826087,0.010386882
1993,Braves,104,58,767,559,1.372093023,0.653095685,0.641975309,0.011120376
1993,Orioles,85,77,786,745,1.055033557,0.526760691,0.524691358,0.002069333
1993,Red Sox,80,82,686,698,0.982808023,0.491330132,0.49382716,0.002497029
1993,Angels,71,91,684,770,0.888311688,0.441059018,0.438271605,0.002787413
1993,White Sox,94,68,776,664,1.168674699,0.577310099,0.580246914,0.002936814
1993,Cubs,84,78,738,739,0.99864682,0.499322952,0.518518519,0.019195566
1993,Reds,73,89,722,785,0.919745223,0.458268022,0.450617284,0.007650739
1993,Indians,76,86,790,813,0.971709717,0.485654856,0.469135802,0.016519053
1993,Rockies,67,95,758,967,0.783867632,0.380593421,0.413580247,0.032986826
1993,Tigers,85,77,899,837,1.074074074,0.53566879,0.524691358,0.010977432
1993,Marlins,64,98,581,724,0.802486188,0.391721604,0.395061728,0.003340124
1993,Astros,85,77,716,630,1.136507937,0.563633245,0.524691358,0.038941887
1993,Royals,84,78,675,694,0.972622478,0.486123929,0.518518519,0.032394589
1993,Dodgers,81,81,675,662,1.019637462,0.509722342,0.5,0.009722342
1993,Twins,71,91,693,830,0.834939759,0.410768003,0.438271605,0.027503602
1993,Brewers,69,93,733,792,0.925505051,0.461369298,0.425925926,0.035443372
1993,Expos,94,68,732,682,1.073313783,0.53531652,0.580246914,0.044930394
1993,Yankees,88,74,821,761,1.078843627,0.537872198,0.543209877,0.005337678
1993,Angels,59,103,672,744,0.903225806,0.449283668,0.364197531,0.085086137
1993,Athletics,68,94,715,846,0.845153664,0.416666327,0.419753086,0.003086759
1993,Phillies,97,65,877,740,1.185135135,0.584120954,0.598765432,0.014644478
1993,Pirates,75,87,707,806,0.877171216,0.43484604,0.462962963,0.028116923
1993,Padres,61,101,679,772,0.879533679,0.436168492,0.37654321,0.059625282
1993,Mariners,82,80,734,731,1.004103967,0.502047773,0.50617284,0.004125067
1993,Giants,103,59,808,636,1.270440252,0.617447227,0.635802469,0.018355242
1993,Cardinals,87,75,758,744,1.018817204,0.509320096,0.537037037,0.027716941
1993,Rangers,86,76,835,751,1.111850866,0.552815277,0.530864198,0.021951079
1993,Blue Jays,95,67,847,742,1.141509434,0.565792016,0.586419753,0.020627737
1992,Braves,98,64,682,569,1.198594025,0.589596709,0.604938272,0.015341562
1992,Orioles,89,73,705,656,1.074695122,0.535956332,0.549382716,0.013426384
1992,Red Sox,73,89,599,669,0.895366218,0.444962684,0.450617284,0.0056546
1992,Angels,72,90,579,671,0.862891207,0.42679654,0.444444444,0.017647904
1992,White Sox,86,76,738,690,1.069565217,0.53357551,0.530864198,0.002711312
1992,Cubs,78,84,593,624,0.950320513,0.474544044,0.481481481,0.006937438
1992,Reds,90,72,660,609,1.083743842,0.540124318,0.555555556,0.015431238
1992,Indians,76,86,674,746,0.903485255,0.449425797,0.469135802,0.019710006
1992,Tigers,75,87,791,794,0.996221662,0.498107262,0.462962963,0.035144299
1992,Astros,81,81,608,668,0.910179641,0.453081796,0.5,0.046918204
1992,Royals,72,90,610,667,0.914542729,0.455452889,0.444444444,0.011008444
1992,Dodgers,63,99,548,636,0.86163522,0.426083995,0.388888889,0.037195107
1992,Twins,90,72,747,653,1.143950995,0.566841525,0.555555556,0.011285969
1992,Brewers,92,70,740,604,1.225165563,0.600164837,0.567901235,0.032263603
1992,Expos,87,75,648,581,1.115318417,0.554354327,0.537037037,0.01731729
1992,Yankees,76,86,733,746,0.982573727,0.491210956,0.469135802,0.022075154
1992,Angels,72,90,599,653,0.917304747,0.456949096,0.444444444,0.012504652
1992,Athletics,96,66,745,672,1.108630952,0.551380923,0.592592593,0.041211669
1992,Phillies,70,92,686,717,0.956764296,0.477915272,0.432098765,0.045816507
1992,Pirates,96,66,693,595,1.164705882,0.575649007,0.592592593,0.016943585
1992,Padres,82,80,617,636,0.970125786,0.484839878,0.50617284,0.021332961
1992,Mariners,64,98,679,799,0.849812265,0.419340902,0.395061728,0.024279174
1992,Giants,72,90,574,647,0.887171561,0.440425887,0.444444444,0.004018557
1992,Cardinals,83,79,631,604,1.044701987,0.521851904,0.512345679,0.009506225
1992,Rangers,77,85,682,753,0.905710491,0.450643473,0.475308642,0.024665169
1992,Blue Jays,96,66,780,682,1.143695015,0.566731624,0.592592593,0.025860969
1991,Braves,94,68,749,644,1.163043478,0.574951037,0.580246914,0.005295877
1991,Orioles,67,95,686,796,0.861809045,0.426182653,0.413580247,0.012602406
1991,Red Sox,84,78,731,712,1.026685393,0.513164731,0.518518519,0.005353788
1991,Angels,81,81,653,649,1.006163328,0.503072168,0.5,0.003072168
1991,White Sox,87,75,758,681,1.113069016,0.553356608,0.537037037,0.016319571
1991,Cubs,77,83,695,734,0.946866485,0.472728501,0.48125,0.008521499
1991,Reds,74,88,689,691,0.997105644,0.498550728,0.456790123,0.041760604
1991,Indians,57,105,576,759,0.758893281,0.365449625,0.351851852,0.013597773
1991,Tigers,84,78,817,794,1.028967254,0.514273937,0.518518519,0.004244581
1991,Astros,65,97,605,717,0.843793584,0.415883624,0.401234568,0.014649056
1991,Royals,82,80,727,722,1.006925208,0.503450615,0.50617284,0.002722225
1991,Dodgers,93,69,665,565,1.17699115,0.580766958,0.574074074,0.006692884
1991,Twins,95,67,776,652,1.190184049,0.586184877,0.586419753,0.000234877
1991,Brewers,83,79,799,744,1.073924731,0.535599616,0.512345679,0.023253937
1991,Expos,71,90,579,655,0.883969466,0.438644399,0.440993789,0.00234939
1991,Yankees,71,91,674,777,0.867438867,0.429370372,0.438271605,0.008901233
1991,Angels,77,84,640,646,0.990712074,0.495334472,0.47826087,0.017073602
1991,Athletics,84,78,760,776,0.979381443,0.489584463,0.518518519,0.028934055
1991,Phillies,78,84,629,680,0.925,0.461098013,0.481481481,0.020383469
1991,Pirates,98,64,768,632,1.215189873,0.596234716,0.604938272,0.008703556
1991,Padres,84,78,636,646,0.984520124,0.492200163,0.518518519,0.026318356
1991,Mariners,83,79,702,674,1.041543027,0.520340415,0.512345679,0.007994736
1991,Giants,75,87,649,697,0.931133429,0.464384075,0.462962963,0.001421112
1991,Cardinals,84,78,651,648,1.00462963,0.502309457,0.518518519,0.016209062
1991,Rangers,85,77,829,814,1.018427518,0.50912888,0.524691358,0.015562478
1991,Blue Jays,91,71,684,622,1.099678457,0.547366451,0.561728395,0.014361944
1990,Braves,65,97,682,821,0.830694275,0.408302572,0.401234568,0.007068005
1990,Orioles,76,85,669,698,0.958452722,0.478795205,0.472049689,0.006745516
1990,Red Sox,88,74,699,664,1.052710843,0.525661729,0.543209877,0.017548148
1990,Angels,80,82,690,706,0.97733711,0.488540187,0.49382716,0.005286973
1990,White Sox,94,68,682,633,1.077409163,0.537210691,0.580246914,0.043036223
1990,Cubs,77,85,690,774,0.891472868,0.442811223,0.475308642,0.032497419
1990,Reds,91,71,693,597,1.16080402,0.574008735,0.561728395,0.01228034
1990,Indians,77,85,732,737,0.993215739,0.496596363,0.475308642,0.021287721
1990,Tigers,79,83,750,754,0.99469496,0.497340444,0.487654321,0.009686123
1990,Astros,75,87,573,656,0.87347561,0.43277204,0.462962963,0.030190923
1990,Royals,75,86,707,709,0.997179126,0.498587573,0.465838509,0.032749064
1990,Dodgers,86,76,728,685,1.062773723,0.530403549,0.530864198,0.000460648
1990,Twins,74,88,666,729,0.913580247,0.454930631,0.456790123,0.001859493
1990,Brewers,74,88,732,760,0.963157895,0.481239851,0.456790123,0.024449728
1990,Expos,85,77,662,598,1.107023411,0.550662941,0.524691358,0.025971583
1990,Yankees,67,95,603,749,0.805073431,0.393256616,0.413580247,0.020323631
1990,Angels,91,71,775,613,1.264274062,0.61514614,0.561728395,0.053417745
1990,Athletics,103,59,733,570,1.285964912,0.62316847,0.635802469,0.012633999
1990,Phillies,77,85,646,729,0.886145405,0.439855516,0.475308642,0.035453126
1990,Pirates,95,67,733,619,1.184168013,0.583724265,0.586419753,0.002695488
1990,Padres,75,87,673,673,1,0.5,0.462962963,0.037037037
1990,Mariners,77,85,640,680,0.941176471,0.469724771,0.475308642,0.005583871
1990,Giants,85,77,719,710,1.012676056,0.506297861,0.524691358,0.018393497
1990,Cardinals,70,92,599,698,0.858166189,0.424112151,0.432098765,0.007986615
1990,Rangers,83,79,676,696,0.971264368,0.485425837,0.512345679,0.026919842
1990,Blue Jays,86,76,767,661,1.160363086,0.573822924,0.530864198,0.042958727
1989,Braves,63,97,584,680,0.858823529,0.42448622,0.39375,0.03073622
1989,Orioles,87,75,708,686,1.032069971,0.515777993,0.537037037,0.021259044
1989,Red Sox,83,79,774,735,1.053061224,0.525827679,0.512345679,0.013482
1989,Angels,91,71,669,578,1.157439446,0.572588579,0.561728395,0.010860184
1989,White Sox,69,92,693,750,0.924,0.460560499,0.428571429,0.031989071
1989,Cubs,93,69,702,623,1.126805778,0.559411442,0.574074074,0.014662632
1989,Reds,75,87,632,691,0.914616498,0.455492898,0.462962963,0.007470065
1989,Indians,73,89,604,654,0.923547401,0.46031706,0.450617284,0.009699776
1989,Tigers,59,103,617,816,0.756127451,0.363757889,0.364197531,0.000439642
1989,Astros,86,76,647,669,0.967115097,0.483287345,0.530864198,0.047576852
1989,Royals,92,70,690,635,1.086614173,0.541438035,0.567901235,0.0264632
1989,Dodgers,77,83,554,536,1.03358209,0.516509259,0.48125,0.035259259
1989,Twins,80,82,740,738,1.002710027,0.501353177,0.49382716,0.007526017
1989,Brewers,81,81,707,679,1.041237113,0.520193779,0.5,0.020193779
1989,Expos,81,81,632,630,1.003174603,0.501584782,0.5,0.001584782
1989,Yankees,74,87,698,792,0.881313131,0.437162844,0.459627329,0.022464486
1989,Angels,87,75,683,595,1.14789916,0.568532651,0.537037037,0.031495614
1989,Athletics,99,63,712,576,1.236111111,0.604425792,0.611111111,0.006685319
1989,Phillies,67,95,629,735,0.855782313,0.422753899,0.413580247,0.009173652
1989,Pirates,74,88,637,680,0.936764706,0.467384806,0.456790123,0.010594683
1989,Padres,89,73,642,626,1.025559105,0.512616288,0.549382716,0.036766428
1989,Mariners,73,89,694,728,0.953296703,0.476103675,0.450617284,0.025486391
1989,Giants,92,70,699,600,1.165,0.575772359,0.567901235,0.007871125
1989,Cardinals,86,76,632,608,1.039473684,0.519347591,0.530864198,0.011516607
1989,Rangers,83,79,695,714,0.973389356,0.486517711,0.512345679,0.025827968
1989,Blue Jays,89,73,731,651,1.122887865,0.557693793,0.549382716,0.008311077
1988,Braves,54,106,555,741,0.748987854,0.359377953,0.3375,0.021877953
1988,Orioles,54,107,550,789,0.697084918,0.327019603,0.335403727,0.008384124
1988,Red Sox,89,73,813,689,1.179970972,0.581997728,0.549382716,0.032615012
1988,Angels,75,87,714,771,0.926070039,0.46167263,0.462962963,0.001290333
1988,White Sox,71,90,631,757,0.833553501,0.40996386,0.440993789,0.031029929
1988,Cubs,77,85,660,694,0.951008646,0.474905041,0.475308642,0.000403601
1988,Reds,87,74,641,596,1.075503356,0.536330256,0.540372671,0.004042415
1988,Indians,78,84,666,731,0.911080711,0.453572236,0.481481481,0.027909246
1988,Tigers,88,74,703,658,1.068389058,0.533027817,0.543209877,0.01018206
1988,Astros,82,80,617,631,0.977812995,0.488783463,0.50617284,0.017389377
1988,Royals,84,77,704,648,1.086419753,0.541349179,0.52173913,0.019610048
1988,Dodgers,94,67,628,544,1.154411765,0.571306061,0.583850932,0.012544871
1988,Twins,91,71,759,672,1.129464286,0.560572755,0.561728395,0.00115564
1988,Brewers,87,75,682,616,1.107142857,0.550716332,0.537037037,0.013679295
1988,Expos,81,81,628,592,1.060810811,0.529482525,0.5,0.029482525
1988,Yankees,85,76,772,748,1.032085561,0.515785538,0.527950311,0.012164772
1988,Angels,100,60,703,532,1.321428571,0.635856944,0.625,0.010856944
1988,Athletics,104,58,800,620,1.290322581,0.624755955,0.641975309,0.017219354
1988,Phillies,65,96,597,734,0.813351499,0.398148945,0.403726708,0.005577763
1988,Pirates,85,75,651,616,1.056818182,0.527603245,0.53125,0.003646755
1988,Padres,83,78,594,583,1.018867925,0.509344978,0.51552795,0.006182972
1988,Mariners,68,93,664,744,0.892473118,0.443364654,0.422360248,0.021004406
1988,Giants,83,79,670,626,1.07028754,0.533911529,0.512345679,0.02156585
1988,Cardinals,76,86,578,633,0.913112164,0.454676478,0.469135802,0.014459324
1988,Rangers,70,91,637,735,0.866666667,0.42893401,0.434782609,0.005848599
1988,Blue Jays,87,75,763,680,1.122058824,0.557329387,0.537037037,0.02029235
1987,Braves,69,92,747,829,0.901085645,0.448110018,0.428571429,0.019538589
1987,Orioles,67,95,729,880,0.828409091,0.406972212,0.413580247,0.006608035
1987,Red Sox,78,84,842,825,1.020606061,0.5101969,0.481481481,0.028715418
1987,Angels,75,87,770,803,0.95890411,0.479030208,0.462962963,0.016067245
1987,White Sox,77,85,748,746,1.002680965,0.501338686,0.475308642,0.026030044
1987,Cubs,76,85,720,801,0.898876404,0.446896166,0.472049689,0.025153523
1987,Reds,84,78,783,752,1.041223404,0.520187206,0.518518519,0.001668688
1987,Indians,61,101,742,957,0.775339603,0.375449481,0.37654321,0.001093729
1987,Tigers,98,64,896,735,1.219047619,0.59775986,0.604938272,0.007178412
1987,Astros,76,86,648,678,0.955752212,0.47738714,0.469135802,0.008251338
1987,Royals,83,79,715,691,1.034732272,0.517064729,0.512345679,0.00471905
1987,Dodgers,73,89,635,675,0.940740741,0.469494091,0.450617284,0.018876807
1987,Twins,85,77,786,806,0.975186104,0.487439168,0.524691358,0.03725219
1987,Brewers,91,71,862,817,1.055079559,0.526782429,0.561728395,0.034945966
1987,Expos,91,71,741,720,1.029166667,0.514370748,0.561728395,0.047357647
1987,Yankees,89,73,788,758,1.039577836,0.519397612,0.549382716,0.029985104
1987,Angels,92,70,823,698,1.179083095,0.581631435,0.567901235,0.013730201
1987,Athletics,81,81,806,789,1.021546261,0.510657097,0.5,0.010657097
1987,Phillies,80,82,702,749,0.937249666,0.467642496,0.49382716,0.026184665
1987,Pirates,80,82,723,744,0.971774194,0.485688004,0.49382716,0.008139156
1987,Padres,65,97,668,763,0.875491481,0.433904159,0.401234568,0.032669591
1987,Mariners,78,84,760,801,0.948813983,0.473752892,0.481481481,0.007728589
1987,Giants,90,72,783,669,1.170403587,0.578031396,0.555555556,0.02247584
1987,Cardinals,95,67,798,693,1.151515152,0.57007501,0.586419753,0.016344743
1987,Rangers,75,87,823,849,0.969375736,0.48445352,0.462962963,0.021490557
1987,Blue Jays,96,66,845,655,1.290076336,0.624666463,0.592592593,0.03207387
1986,Braves,72,89,615,719,0.855354659,0.422509959,0.447204969,0.02469501
1986,Orioles,73,89,708,760,0.931578947,0.464622047,0.450617284,0.014004763
1986,Red Sox,95,66,794,696,1.140804598,0.565488513,0.590062112,0.024573599
1986,Angels,92,70,786,684,1.149122807,0.569055277,0.567901235,0.001154043
1986,White Sox,72,90,644,699,0.921316166,0.45911548,0.444444444,0.014671035
1986,Cubs,70,90,680,781,0.870678617,0.431198076,0.4375,0.006301924
1986,Reds,86,76,732,717,1.020920502,0.510350858,0.530864198,0.02051334
1986,Indians,84,78,831,841,0.988109394,0.494019353,0.518518519,0.024499166
1986,Tigers,87,75,798,714,1.117647059,0.555384615,0.537037037,0.018347578
1986,Astros,96,66,654,569,1.149384886,0.56916712,0.592592593,0.023425472
1986,Royals,76,86,654,673,0.971768202,0.485684924,0.469135802,0.016549122
1986,Dodgers,73,89,638,679,0.939617084,0.468898783,0.450617284,0.018281499
1986,Twins,71,91,741,839,0.883194279,0.438212389,0.438271605,5.92158E-05
1986,Brewers,77,84,667,734,0.908719346,0.45228614,0.47826087,0.02597473
1986,Expos,78,83,637,688,0.925872093,0.461566374,0.48447205,0.022905675
1986,Yankees,90,72,797,738,1.079945799,0.538379781,0.555555556,0.017175774
1986,Angels,108,54,783,578,1.35467128,0.64728302,0.666666667,0.019383647
1986,Athletics,76,86,731,760,0.961842105,0.480557322,0.469135802,0.011421519
1986,Phillies,86,75,739,713,1.036465638,0.517900596,0.534161491,0.016260894
1986,Pirates,64,98,663,700,0.947142857,0.472873988,0.395061728,0.077812259
1986,Padres,74,88,656,723,0.907330567,0.45152849,0.456790123,0.005261634
1986,Mariners,67,95,718,835,0.85988024,0.425087137,0.413580247,0.01150689
1986,Giants,83,79,698,618,1.129449838,0.560566453,0.512345679,0.048220774
1986,Cardinals,79,82,601,611,0.983633388,0.491749737,0.49068323,0.001066507
1986,Rangers,87,75,771,743,1.037685061,0.518487732,0.537037037,0.018549305
1986,Blue Jays,86,76,809,733,1.103683492,0.549167205,0.530864198,0.018303008
1985,Braves,66,96,632,781,0.80921895,0.395710259,0.407407407,0.011697148
1985,Orioles,83,78,818,764,1.070680628,0.534094283,0.51552795,0.018566333
1985,Red Sox,81,81,800,720,1.111111111,0.552486188,0.5,0.052486188
1985,Angels,90,72,732,703,1.041251778,0.520200809,0.555555556,0.035354746
1985,White Sox,85,77,736,720,1.022222222,0.510987684,0.524691358,0.013703674
1985,Cubs,77,84,686,729,0.941015089,0.469639345,0.47826087,0.008621525
1985,Reds,89,72,677,666,1.016516517,0.508190069,0.552795031,0.044604962
1985,Indians,60,102,729,861,0.846689895,0.417549393,0.37037037,0.047179022
1985,Tigers,84,77,729,688,1.059593023,0.528910165,0.52173913,0.007171034
1985,Astros,83,79,706,691,1.02170767,0.510736056,0.512345679,0.001609623
1985,Royals,91,71,687,639,1.075117371,0.536151723,0.561728395,0.025576672
1985,Dodgers,95,67,682,579,1.177892919,0.581139855,0.586419753,0.005279898
1985,Twins,77,85,705,782,0.901534527,0.448356365,0.475308642,0.026952277
1985,Brewers,71,90,690,802,0.860349127,0.425353613,0.440993789,0.015640176
1985,Expos,84,77,633,636,0.995283019,0.497635947,0.52173913,0.024103183
1985,Yankees,97,64,839,660,1.271212121,0.617734118,0.602484472,0.015249646
1985,Angels,98,64,695,568,1.223591549,0.599547694,0.604938272,0.005390578
1985,Athletics,77,85,757,787,0.961880559,0.480577281,0.475308642,0.005268639
1985,Phillies,75,87,667,673,0.991084695,0.495522478,0.462962963,0.032559515
1985,Pirates,57,104,568,708,0.802259887,0.391587206,0.354037267,0.037549939
1985,Padres,83,79,650,622,1.045016077,0.522001918,0.512345679,0.009656238
1985,Mariners,74,88,719,818,0.878973105,0.435854935,0.456790123,0.020935189
1985,Giants,62,100,556,674,0.824925816,0.404939928,0.382716049,0.022223878
1985,Cardinals,101,61,747,572,1.305944056,0.630381171,0.62345679,0.006924381
1985,Rangers,62,99,617,785,0.785987261,0.381867443,0.385093168,0.003225725
1985,Blue Jays,99,62,759,588,1.290816327,0.624935319,0.614906832,0.010028486
1984,Braves,80,82,632,655,0.964885496,0.482134688,0.49382716,0.011692473
1984,Orioles,85,77,681,667,1.020989505,0.510384637,0.524691358,0.014306721
1984,Red Sox,86,76,810,764,1.060209424,0.529199965,0.530864198,0.001664232
1984,Angels,81,81,696,697,0.99856528,0.499282125,0.5,0.000717875
1984,White Sox,74,88,679,736,0.922554348,0.459782575,0.456790123,0.002992452
1984,Cubs,96,65,762,658,1.158054711,0.572848675,0.596273292,0.023424617
1984,Reds,70,92,627,747,0.83935743,0.41332488,0.432098765,0.018773885
1984,Indians,75,87,761,766,0.993472585,0.496725641,0.462962963,0.033762678
1984,Tigers,104,58,829,643,1.289269051,0.624372893,0.641975309,0.017602415
1984,Astros,80,82,693,630,1.1,0.547511312,0.49382716,0.053684152
1984,Royals,84,78,673,686,0.981049563,0.490435018,0.518518519,0.028083501
1984,Dodgers,79,83,580,600,0.966666667,0.483055715,0.487654321,0.004598606
1984,Twins,81,81,673,675,0.997037037,0.498516324,0.5,0.001483676
1984,Brewers,67,94,641,734,0.873297003,0.432671642,0.416149068,0.016522574
1984,Expos,78,83,593,585,1.013675214,0.506790858,0.48447205,0.022318809
1984,Yankees,87,75,758,679,1.11634757,0.55480999,0.537037037,0.017772953
1984,Angels,90,72,652,676,0.964497041,0.481933611,0.555555556,0.073621944
1984,Athletics,77,85,738,796,0.927135678,0.462244326,0.475308642,0.013064316
1984,Phillies,81,81,720,690,1.043478261,0.521266968,0.5,0.021266968
1984,Pirates,75,87,615,567,1.084656085,0.540542279,0.462962963,0.077579316
1984,Padres,92,70,686,634,1.082018927,0.539332899,0.567901235,0.028568335
1984,Mariners,74,88,682,774,0.881136951,0.437064462,0.456790123,0.019725662
1984,Giants,66,96,682,807,0.845105328,0.416638525,0.407407407,0.009231118
1984,Cardinals,84,78,652,645,1.010852713,0.505396913,0.518518519,0.013121606
1984,Rangers,69,92,656,714,0.918767507,0.457739977,0.428571429,0.029168548
1984,Blue Jays,89,73,750,696,1.077586207,0.53729239,0.549382716,0.012090326
1983,Braves,88,74,746,640,1.165625,0.576034348,0.543209877,0.032824471
1983,Orioles,98,64,799,652,1.225460123,0.600280206,0.604938272,0.004658066
1983,Red Sox,78,84,724,775,0.934193548,0.466016655,0.481481481,0.015464826
1983,Angels,70,92,722,779,0.926829268,0.46208,0.432098765,0.029981235
1983,White Sox,99,63,800,650,1.230769231,0.602352941,0.611111111,0.00875817
1983,Cubs,71,91,701,719,0.974965229,0.48732598,0.438271605,0.049054375
1983,Reds,74,88,623,710,0.877464789,0.435010519,0.456790123,0.021779605
1983,Indians,70,92,704,785,0.896815287,0.445761579,0.432098765,0.013662814
1983,Tigers,92,70,789,679,1.162002946,0.574513503,0.567901235,0.006612268
1983,Astros,85,77,643,646,0.995356037,0.497672627,0.524691358,0.027018731
1983,Royals,79,83,696,767,0.907431551,0.451583613,0.487654321,0.036070708
1983,Dodgers,91,71,654,609,1.073891626,0.535584281,0.561728395,0.026144114
1983,Twins,70,92,709,822,0.862530414,0.42659193,0.432098765,0.005506835
1983,Brewers,87,75,764,708,1.079096045,0.537988497,0.537037037,0.00095146
1983,Expos,82,80,677,646,1.047987616,0.523418737,0.50617284,0.017245898
1983,Yankees,91,71,770,703,1.095305832,0.545391492,0.561728395,0.016336903
1983,Angels,68,94,575,680,0.845588235,0.416916238,0.419753086,0.002836848
1983,Athletics,74,88,708,782,0.905370844,0.450457769,0.456790123,0.006332354
1983,Phillies,90,72,696,635,1.096062992,0.545734143,0.555555556,0.009821413
1983,Pirates,84,78,659,648,1.016975309,0.508415624,0.518518519,0.010102894
1983,Padres,81,81,653,653,1,0.5,0.5,0
1983,Mariners,60,102,558,740,0.754054054,0.362487834,0.37037037,0.007882536
1983,Giants,79,83,687,697,0.985652798,0.492774944,0.487654321,0.005120623
1983,Cardinals,79,83,679,710,0.956338028,0.477692897,0.487654321,0.009961424
1983,Rangers,77,85,639,609,1.049261084,0.524024579,0.475308642,0.048715937
1983,Blue Jays,89,73,795,726,1.095041322,0.545271724,0.549382716,0.004110993
1982,Braves,89,73,739,702,1.052706553,0.525659696,0.549382716,0.02372302
1982,Orioles,94,68,774,687,1.126637555,0.559337843,0.580246914,0.020909071
1982,Red Sox,89,73,753,713,1.056100982,0.527264832,0.549382716,0.022117885
1982,Angels,93,69,814,670,1.214925373,0.596129901,0.574074074,0.022055827
1982,White Sox,87,75,786,710,1.107042254,0.550671363,0.537037037,0.013634326
1982,Cubs,73,89,676,709,0.953455571,0.476186804,0.450617284,0.02556952
1982,Reds,61,101,545,661,0.824508321,0.404695986,0.37654321,0.028152776
1982,Indians,78,84,683,748,0.913101604,0.454670743,0.481481481,0.026810738
1982,Tigers,83,79,729,685,1.064233577,0.531087296,0.512345679,0.018741617
1982,Astros,77,85,569,620,0.917741935,0.457185584,0.475308642,0.018123058
1982,Royals,90,72,784,717,1.093444909,0.544548149,0.555555556,0.011007407
1982,Dodgers,88,74,691,612,1.129084967,0.560407265,0.543209877,0.017197389
1982,Twins,60,102,657,819,0.802197802,0.391550331,0.37037037,0.02117996
1982,Brewers,95,67,891,717,1.242677824,0.606956582,0.586419753,0.020536828
1982,Expos,86,76,697,616,1.131493506,0.561456895,0.530864198,0.030592697
1982,Yankees,79,83,709,716,0.990223464,0.495087838,0.487654321,0.007433517
1982,Angels,65,97,609,723,0.842323651,0.415036761,0.401234568,0.013802193
1982,Athletics,68,94,691,819,0.843711844,0.415836557,0.419753086,0.003916529
1982,Phillies,89,73,664,654,1.01529052,0.507586817,0.549382716,0.041795899
1982,Pirates,84,78,724,696,1.040229885,0.519710646,0.518518519,0.001192128
1982,Padres,81,81,675,658,1.025835866,0.512751114,0.5,0.012751114
1982,Mariners,76,86,651,712,0.914325843,0.455335242,0.469135802,0.01380056
1982,Giants,87,75,673,687,0.979621543,0.489706973,0.537037037,0.047330064
1982,Cardinals,92,70,685,609,1.124794745,0.558530709,0.567901235,0.009370525
1982,Rangers,64,98,590,749,0.787716956,0.38290575,0.395061728,0.012155979
1982,Blue Jays,78,84,651,701,0.928673324,0.463068263,0.481481481,0.018413219
1981,Braves,50,56,395,416,0.949519231,0.474123392,0.471698113,0.002425279
1981,Orioles,59,46,429,437,0.981693364,0.490762913,0.561904762,0.071141849
1981,Red Sox,59,49,519,481,1.079002079,0.537945207,0.546296296,0.008351089
1981,Angels,51,59,476,453,1.050772627,0.524742638,0.463636364,0.061106274
1981,White Sox,54,52,476,423,1.125295508,0.5587502,0.509433962,0.049316238
1981,Cubs,38,65,370,483,0.766045549,0.369811096,0.368932039,0.000879058
1981,Reds,66,42,464,440,1.054545455,0.526529973,0.611111111,0.084581138
1981,Indians,52,51,431,442,0.975113122,0.487401771,0.504854369,0.017452598
1981,Tigers,60,49,427,404,1.056930693,0.527656311,0.550458716,0.022802405
1981,Astros,61,49,394,331,1.190332326,0.586245312,0.554545455,0.031699858
1981,Royals,50,53,397,405,0.980246914,0.49002593,0.485436893,0.004589037
1981,Dodgers,63,47,450,356,1.264044944,0.615060321,0.572727273,0.042333049
1981,Twins,41,68,378,486,0.777777778,0.376923077,0.376146789,0.000776288
1981,Brewers,62,47,493,459,1.074074074,0.53566879,0.568807339,0.03313855
1981,Expos,60,48,443,394,1.124365482,0.558342461,0.555555556,0.002786906
1981,Yankees,59,48,421,343,1.227405248,0.601041066,0.551401869,0.049639197
1981,Angels,41,62,348,432,0.805555556,0.393542349,0.398058252,0.004515903
1981,Athletics,64,45,458,403,1.136476427,0.563619607,0.587155963,0.023536356
1981,Phillies,59,48,491,472,1.040254237,0.519722333,0.551401869,0.031679536
1981,Pirates,46,56,407,425,0.957647059,0.478375506,0.450980392,0.027395114
1981,Padres,41,69,382,455,0.83956044,0.413442169,0.372727273,0.040714896
1981,Mariners,44,65,426,521,0.817658349,0.400682686,0.403669725,0.002987039
1981,Giants,56,55,427,414,1.031400966,0.515454096,0.504504505,0.010949591
1981,Cardinals,59,43,464,417,1.112709832,0.553197066,0.578431373,0.025234307
1981,Rangers,57,48,452,389,1.161953728,0.574492794,0.542857143,0.031635652
1981,Blue Jays,37,69,329,466,0.706008584,0.332642895,0.349056604,0.016413709
1980,Braves,81,80,630,660,0.954545455,0.476756757,0.50310559,0.026348833
1980,Orioles,100,62,805,640,1.2578125,0.612717173,0.617283951,0.004566778
1980,Red Sox,83,77,757,767,0.98696219,0.493438603,0.51875,0.025311397
1980,Angels,65,95,698,797,0.875784191,0.434068387,0.40625,0.027818387
1980,White Sox,70,90,587,722,0.813019391,0.397953232,0.4375,0.039546768
1980,Cubs,64,98,614,728,0.843406593,0.415660764,0.395061728,0.020599036
1980,Reds,89,73,707,670,1.055223881,0.526850621,0.549382716,0.022532095
1980,Indians,79,81,738,807,0.914498141,0.455428705,0.49375,0.038321295
1980,Tigers,84,78,830,757,1.096433289,0.545901617,0.518518519,0.027383099
1980,Astros,93,70,637,589,1.081494058,0.539091791,0.570552147,0.031460356
1980,Royals,97,65,809,694,1.165706052,0.57606831,0.598765432,0.022697122
1980,Dodgers,92,71,663,591,1.121827411,0.55722761,0.564417178,0.007189568
1980,Twins,77,84,670,724,0.925414365,0.461320596,0.47826087,0.016940274
1980,Brewers,86,76,811,682,1.18914956,0.58576295,0.530864198,0.054898753
1980,Expos,90,72,694,629,1.103338633,0.549012456,0.555555556,0.0065431
1980,Yankees,103,59,820,662,1.238670695,0.605414516,0.635802469,0.030387953
1980,Angels,67,95,611,702,0.87037037,0.43102439,0.413580247,0.017444143
1980,Athletics,83,79,686,642,1.068535826,0.533096198,0.512345679,0.020750519
1980,Phillies,91,71,728,639,1.139280125,0.564831265,0.561728395,0.00310287
1980,Pirates,83,79,666,646,1.030959752,0.515240361,0.512345679,0.002894682
1980,Padres,73,89,591,654,0.903669725,0.449526832,0.450617284,0.001090452
1980,Mariners,59,103,610,793,0.769230769,0.371747212,0.364197531,0.007549681
1980,Giants,75,86,573,634,0.903785489,0.449590228,0.465838509,0.016248281
1980,Cardinals,74,88,738,710,1.03943662,0.519329789,0.456790123,0.062539665
1980,Rangers,76,85,756,752,1.005319149,0.502652501,0.472049689,0.030602812
1980,Blue Jays,67,95,624,762,0.818897638,0.40141028,0.413580247,0.012169967